filename,score,cluster_id,drugbank_id,smiles,molecular_weight,logp,HBA,HBD,RotBonds,AromaticRings,CHEMBL_ID,IC50,IC50_Unit,IC50_nM,pIC50,TPSA,NumRings,NumHeavyAtoms,NumHeteroatoms,NumRotatableBonds,NumAromaticRings,NumAliphaticRings,NumSaturatedRings,NumHBA,NumHBD
DB00398_docking_min1.mol2,-8.8,10,DB00398,CNC(=O)C1=NC=CC(OC2=CC=C(NC(=O)NC3=CC(=C(Cl)C=C3)C(F)(F)F)C=C2)=C1,464.8310000000001,5.549700000000002,4.0,3.0,5.0,3.0,CHEMBL1336,0.003034,nM,0.003034,11.517984423549288,92.35,3.0,32.0,11.0,5.0,3.0,0.0,0.0,4.0,3.0
DB06148_docking_min1.mol2,-6.4,291,DB06148,CN1CCN2C(C1)C1=CC=CC=C1CC1=CC=CC=C21,264.372,3.0839000000000016,2.0,0.0,0.0,2.0,CHEMBL6437,0.006,nM,0.006,11.221848749616356,6.48,4.0,20.0,2.0,0.0,2.0,2.0,1.0,2.0,0.0
DB06691_docking_min1.mol2,-5.8,414,DB06691,COC1=CC=C(CN(CCN(C)C)C2=NC=CC=C2)C=C1,285.391,2.658400000000001,4.0,0.0,7.0,2.0,CHEMBL511,0.014,nM,0.014,10.853871964321762,28.6,2.0,21.0,4.0,7.0,2.0,0.0,0.0,4.0,0.0
DB01037_docking_min1.mol2,-4.9,524,DB01037,C[C@H](CC1=CC=CC=C1)N(C)CC#C,187.286,2.1826,1.0,0.0,4.0,1.0,CHEMBL972,0.017,nM,0.017,10.769551078621726,3.24,1.0,14.0,1.0,4.0,1.0,0.0,0.0,1.0,0.0
DB00980_docking_min1.mol2,-6.0,373,DB00980,CCC(=O)NCC[C@@H]1CCC2=C1C1=C(OCC1)C=C2,259.34899999999993,2.5676000000000005,2.0,1.0,4.0,1.0,CHEMBL1218,0.0208,nM,0.0208,10.681936665037238,38.33,3.0,19.0,3.0,4.0,1.0,2.0,0.0,2.0,1.0
DB02709_docking_min1.mol2,-6.9,200,DB02709,OC1=CC=C(\C=C\C2=CC(O)=CC(O)=C2)C=C1,228.247,2.9738000000000016,3.0,3.0,2.0,2.0,CHEMBL165,0.0225,nM,0.0225,10.647817481888636,60.69,2.0,17.0,3.0,2.0,2.0,0.0,0.0,3.0,3.0
DB06654_docking_min1.mol2,-7.9,67,DB06654,C[C@H](NCC1=CC=C(OCC2=CC(F)=CC=C2)C=C1)C(N)=O,302.34900000000005,2.3681,3.0,2.0,7.0,2.0,CHEMBL396778,0.023,nM,0.023,10.638272163982409,64.35,2.0,22.0,5.0,7.0,2.0,0.0,0.0,3.0,2.0
DB06589_docking_min1.mol2,-9.1,5,DB06589,CN(C1=CC2=NN(C)C(C)=C2C=C1)C1=CC=NC(NC2=CC=C(C)C(=C2)S(N)(=O)=O)=N1,437.5290000000002,3.1390400000000005,8.0,2.0,5.0,4.0,CHEMBL477772,0.02889,nM,0.02889,10.539252458155802,119.02999999999999,4.0,31.0,10.0,5.0,4.0,0.0,0.0,8.0,2.0
DB05294_docking_min1.mol2,-7.3,130,DB05294,COC1=C(OCC2CCN(C)CC2)C=C2N=CN=C(NC3=C(F)C=C(Br)C=C3)C2=C1,475.3620000000001,5.004200000000004,6.0,1.0,6.0,3.0,CHEMBL24828,0.04,nM,0.04,10.397940008672036,59.510000000000005,4.0,30.0,8.0,6.0,3.0,1.0,1.0,6.0,1.0
DB00540_docking_min1.mol2,-6.2,328,DB00540,CNCCC=C1C2=CC=CC=C2CCC2=CC=CC=C12,263.384,3.826400000000003,1.0,1.0,3.0,2.0,CHEMBL445,0.04,nM,0.04,10.397940008672036,12.03,3.0,20.0,1.0,3.0,2.0,1.0,0.0,1.0,1.0
DB01411_docking_min1.mol2,-8.4,30,DB01411,O=C(NC1=C2OC(=CC(=O)C2=CC=C1)C1=NNN=N1)C1=CC=C(OCCCCC2=CC=CC=C2)C=C1,481.51200000000034,4.627100000000003,7.0,2.0,9.0,5.0,CHEMBL21333,0.044,nM,0.044,10.356547323513812,123.00000000000001,5.0,36.0,9.0,9.0,5.0,0.0,0.0,7.0,2.0
DB01367_docking_min1.mol2,-6.0,381,DB01367,C#CCN[C@@H]1CCC2=CC=CC=C12,171.243,1.8967,1.0,1.0,2.0,1.0,CHEMBL887,0.05,nM,0.05,10.30102999566398,12.03,2.0,13.0,1.0,2.0,1.0,1.0,0.0,1.0,1.0
DB06626_docking_min1.mol2,-7.3,132,DB06626,CNC(=O)C1=C(SC2=CC=C3C(NN=C3\C=C\C3=CC=CC=N3)=C2)C=CC=C1,386.4800000000001,4.639100000000003,4.0,2.0,5.0,4.0,CHEMBL1289926,0.05132,nM,0.05132,10.28971335229711,70.67,4.0,28.0,6.0,5.0,4.0,0.0,0.0,4.0,2.0
DB01113_docking_min1.mol2,-7.0,180,DB01113,COC1=C(OC)C=C(CC2=NC=CC3=CC(OC)=C(OC)C=C23)C=C1,339.3910000000001,3.860000000000003,5.0,0.0,6.0,3.0,CHEMBL19224,0.059,nM,0.059,10.229147988357855,49.81,3.0,25.0,5.0,6.0,3.0,0.0,0.0,5.0,0.0
DB05015_docking_min1.mol2,-8.5,25,DB05015,ONC(=O)\C=C\C1=CC=CC(=C1)S(=O)(=O)NC1=CC=CC=C1,318.354,2.006,4.0,3.0,5.0,2.0,CHEMBL408513,0.059,nM,0.059,10.229147988357855,95.5,2.0,22.0,7.0,5.0,2.0,0.0,0.0,4.0,3.0
DB00619_docking_min1.mol2,-8.8,11,DB00619,CN1CCN(CC2=CC=C(C=C2)C(=O)NC2=CC(NC3=NC=CC(=N3)C3=CN=CC=C3)=C(C)C=C2)CC1,493.6150000000002,4.590320000000004,7.0,2.0,7.0,4.0,CHEMBL941,0.06,nM,0.06,10.221848749616356,86.28,5.0,37.0,8.0,7.0,4.0,1.0,1.0,7.0,2.0
DB06594_docking_min1.mol2,-7.6,99,DB06594,COC1=CC2=C(C=CC=C2CCNC(C)=O)C=C1,243.30599999999995,2.527,2.0,1.0,4.0,2.0,CHEMBL10878,0.0761,nM,0.0761,10.118615343229427,38.33,2.0,18.0,3.0,4.0,2.0,0.0,0.0,2.0,1.0
DB00715_docking_min1.mol2,-6.4,282,DB00715,FC1=CC=C(C=C1)[C@@H]1CCNC[C@H]1COC1=CC2=C(OCO2)C=C1,329.3710000000001,3.326500000000002,4.0,1.0,4.0,2.0,CHEMBL490,0.08,nM,0.08,10.096910013008056,39.72,4.0,24.0,5.0,4.0,2.0,2.0,1.0,4.0,1.0
DB11629_docking_min1.mol2,-6.9,208,DB11629,CS(=O)(=O)C1=C2N(CC3=CC=C(Cl)C=C3)C3=C(CC[C@@H]3CC(O)=O)C2=CC(F)=C1,435.9040000000003,4.390100000000003,4.0,1.0,5.0,3.0,CHEMBL426559,0.09,nM,0.09,10.045757490560677,76.37,4.0,29.0,8.0,5.0,3.0,1.0,0.0,4.0,1.0
DB00904_docking_min1.mol2,-6.3,307,DB00904,CN1C2=C(C3=CC=CC=C13)C(=O)C(CN1C=CN=C1C)CC2,293.37000000000006,3.1285200000000017,4.0,0.0,2.0,3.0,CHEMBL46,0.09,nM,0.09,10.045757490560677,39.82,4.0,22.0,4.0,2.0,3.0,1.0,0.0,4.0,0.0
DB00292_docking_min1.mol2,-6.0,364,DB00292,CCOC(=O)C1=CN=CN1[C@H](C)C1=CC=CC=C1,244.294,2.669100000000001,4.0,0.0,4.0,2.0,CHEMBL681,0.1,nM,0.1,10.0,44.12,2.0,18.0,4.0,4.0,2.0,0.0,0.0,4.0,0.0
DB06684_docking_min1.mol2,-9.4,1,DB06684,NC(=O)C1=CC2=CC(=CC=C2O1)N1CCN(CCCCC2=CNC3=C2C=C(C=C3)C#N)CC1,441.5350000000002,4.029580000000003,5.0,2.0,7.0,4.0,CHEMBL439849,0.11,nM,0.11,9.958607314841776,102.28999999999999,5.0,33.0,7.0,7.0,4.0,1.0,1.0,5.0,2.0
DB04876_docking_min1.mol2,-7.3,129,DB04876,OC12CC3CC(C1)CC(C3)(C2)NCC(=O)N1CCC[C@H]1C#N,303.406,1.1742799999999998,4.0,2.0,3.0,0.0,CHEMBL142703,0.12,nM,0.12,9.920818753952377,76.36,5.0,22.0,5.0,3.0,0.0,5.0,5.0,4.0,2.0
DB11791_docking_min1.mol2,-9.2,3,DB11791,CNC(=O)C1=C(F)C=C(C=C1)C1=NN2C(CC3=CC4=C(C=C3)N=CC=C4)=CN=C2N=C1,412.42800000000005,3.429000000000001,6.0,1.0,4.0,5.0,CHEMBL3188267,0.13,nM,0.13,9.886056647693165,85.07000000000001,5.0,31.0,8.0,4.0,5.0,0.0,0.0,6.0,1.0
DB01104_docking_min1.mol2,-6.2,330,DB01104,CN[C@H]1CC[C@@H](C2=CC(Cl)=C(Cl)C=C2)C2=CC=CC=C12,306.236,5.179600000000004,1.0,1.0,2.0,2.0,CHEMBL809,0.141,nM,0.141,9.85078088734462,12.03,3.0,20.0,3.0,2.0,2.0,1.0,0.0,1.0,1.0
DB00589_docking_min1.mol2,-6.6,243,DB00589,[H][C@@]12CC3=CNC4=CC=CC(=C34)C1=C[C@@H](CN2C)NC(=O)N(CC)CC,338.4550000000001,2.841400000000001,2.0,2.0,3.0,2.0,CHEMBL157138,0.173,nM,0.173,9.761953896871203,51.370000000000005,4.0,25.0,5.0,3.0,2.0,2.0,0.0,2.0,2.0
DB00481_docking_min1.mol2,-8.4,28,DB00481,OC1=CC=C(C=C1)C1=C(C(=O)C2=CC=C(OCCN3CCCCC3)C=C2)C2=C(S1)C=C(O)C=C2,473.5940000000003,6.075200000000005,6.0,2.0,7.0,4.0,CHEMBL81,0.18,nM,0.18,9.744727494896694,70.0,5.0,34.0,6.0,7.0,4.0,1.0,1.0,6.0,2.0
DB00373_docking_min1.mol2,-7.0,173,DB00373,[H][C@](O)(CNC(C)(C)C)COC1=NSN=C1N1CCOCC1,316.4270000000002,0.5024999999999997,8.0,2.0,6.0,1.0,CHEMBL499,0.2153,nM,0.2153,9.666955970176511,79.74,2.0,21.0,8.0,6.0,1.0,1.0,1.0,8.0,2.0
DB00977_docking_min1.mol2,-6.6,246,DB00977,[H][C@@]12CC[C@@](O)(C#C)[C@@]1(C)CC[C@]1([H])C3=C(CC[C@@]21[H])C=C(O)C=C3,296.4099999999999,3.612600000000002,2.0,2.0,0.0,1.0,CHEMBL691,0.24,nM,0.24,9.619788758288394,40.46,4.0,22.0,2.0,0.0,1.0,3.0,2.0,2.0,2.0
DB01151_docking_min1.mol2,-5.7,426,DB01151,CNCCCN1C2=CC=CC=C2CCC2=CC=CC=C12,266.388,3.5328000000000026,2.0,1.0,4.0,2.0,CHEMBL72,0.25,nM,0.25,9.602059991327964,15.27,3.0,20.0,2.0,4.0,2.0,1.0,0.0,2.0,1.0
DB00476_docking_min1.mol2,-5.4,471,DB00476,CNCC[C@H](OC1=CC=CC2=CC=CC=C12)C1=CC=CS1,297.423,4.630900000000003,3.0,1.0,6.0,3.0,CHEMBL1175,0.3162,nM,0.3162,9.500038134403807,21.259999999999998,3.0,21.0,3.0,6.0,3.0,0.0,0.0,3.0,1.0
DB00678_docking_min1.mol2,-8.1,43,DB00678,CCCCC1=NC(Cl)=C(CO)N1CC1=CC=C(C=C1)C1=CC=CC=C1C1=NNN=N1,422.9200000000001,4.266800000000004,6.0,2.0,8.0,4.0,CHEMBL191,0.33,nM,0.33,9.481486060122112,92.51,4.0,30.0,8.0,8.0,4.0,0.0,0.0,6.0,2.0
DB00734_docking_min1.mol2,-9.0,6,DB00734,CC1=C(CCN2CCC(CC2)C2=NOC3=C2C=CC(F)=C3)C(=O)N2CCCCC2=N1,410.4930000000002,3.5904200000000026,6.0,0.0,4.0,3.0,CHEMBL85,0.346,nM,0.346,9.460923901207224,64.16,5.0,30.0,7.0,4.0,3.0,2.0,1.0,6.0,0.0
DB01095_docking_min1.mol2,-7.5,112,DB01095,CC(C)N1C(\C=C\[C@H](O)C[C@H](O)CC(O)=O)=C(C2=CC=C(F)C=C2)C2=CC=CC=C12,411.473,4.628100000000003,4.0,3.0,8.0,3.0,CHEMBL2220442,0.353,nM,0.353,9.452225294612177,82.69,3.0,30.0,6.0,8.0,3.0,0.0,0.0,4.0,3.0
DB06401_docking_min1.mol2,-8.0,56,DB06401,CC1=C(N(CC2=CC=C(OCCN3CCCCCC3)C=C2)C2=C1C=C(O)C=C2)C1=CC=C(O)C=C1,470.6130000000001,6.331020000000008,5.0,2.0,7.0,4.0,CHEMBL46740,0.4,nM,0.4,9.397940008672036,57.86,5.0,35.0,5.0,7.0,4.0,1.0,1.0,5.0,2.0
DB00983_docking_min1.mol2,-7.7,84,DB00983,COC1=CC=C(CC(C)NCC(O)C2=CC(NC=O)=C(O)C=C2)C=C1,344.41100000000006,2.2233,5.0,4.0,9.0,2.0,CHEMBL1256786,0.4,nM,0.4,9.397940008672036,90.82000000000001,2.0,25.0,6.0,9.0,2.0,0.0,0.0,5.0,4.0
DB04946_docking_min1.mol2,-8.1,48,DB04946,COC1=C(OCCCN2CCC(CC2)C2=NOC3=C2C=CC(F)=C3)C=CC(=C1)C(C)=O,426.4880000000001,4.826600000000004,6.0,0.0,8.0,3.0,CHEMBL14376,0.4,nM,0.4,9.397940008672036,64.80000000000001,4.0,31.0,7.0,8.0,3.0,1.0,1.0,6.0,0.0
DB08828_docking_min1.mol2,-8.4,32,DB08828,CS(=O)(=O)C1=CC(Cl)=C(C=C1)C(=O)NC1=CC=C(Cl)C(=C1)C1=CC=CC=N1,421.3050000000001,4.711200000000003,4.0,1.0,4.0,3.0,CHEMBL473417,0.4,nM,0.4,9.397940008672036,76.13,3.0,27.0,8.0,4.0,3.0,0.0,0.0,4.0,1.0
DB00708_docking_min1.mol2,-6.1,348,DB00708,CCC(=O)N(C1=CC=CC=C1)C1(COC)CCN(CCC2=CC=CS2)CC1,386.56100000000015,4.214800000000004,4.0,0.0,8.0,2.0,CHEMBL658,0.4,nM,0.4,9.397940008672036,32.78,3.0,27.0,5.0,8.0,2.0,1.0,1.0,4.0,0.0
DB12332_docking_min1.mol2,-7.3,140,DB12332,CNCC1=CC=C(C=C1)C1=C2CCNC(=O)C3=C2C(N1)=CC(F)=C3,323.3709999999999,2.9793000000000003,2.0,3.0,3.0,3.0,CHEMBL1173055,0.4,nM,0.4,9.397940008672036,56.919999999999995,4.0,24.0,5.0,3.0,3.0,1.0,0.0,2.0,3.0
DB00786_docking_min1.mol2,-5.9,393,DB00786,CNC(=O)[C@@H](NC(=O)[C@H](CC(C)C)[C@H](O)C(=O)NO)C(C)(C)C,331.41300000000007,-0.208099999999999,5.0,5.0,7.0,0.0,CHEMBL279785,0.41,nM,0.41,9.387216143280265,127.76,0.0,23.0,8.0,7.0,0.0,0.0,0.0,5.0,5.0
DB00283_docking_min1.mol2,-7.5,105,DB00283,CN1CCC[C@@H]1CCO[C@](C)(C1=CC=CC=C1)C1=CC=C(Cl)C=C1,343.898,5.104400000000005,2.0,0.0,6.0,2.0,CHEMBL1626,0.421,nM,0.421,9.37571790416433,12.47,3.0,24.0,3.0,6.0,2.0,1.0,1.0,2.0,0.0
DB00462_docking_min1.mol2,-1.1,602,DB00462,[Br-].[H][C@]12C[C@@H](C[C@@]([H])(C3OC13)[N+]2(C)C)OC(=O)[C@H](CO)C1=CC=CC=C1,398.29700000000014,-1.9332999999999927,4.0,1.0,4.0,1.0,CHEMBL1354199,0.422,nM,0.422,9.374687549038326,59.06,4.0,24.0,6.0,4.0,1.0,3.0,3.0,4.0,1.0
DB00917_docking_min1.mol2,-7.5,111,DB00917,CCCCC[C@H](O)\C=C\[C@H]1[C@H](O)CC(=O)[C@@H]1C\C=C/CCCC(O)=O,352.4710000000001,3.251100000000002,4.0,3.0,12.0,0.0,CHEMBL548,0.45,nM,0.45,9.346787486224656,94.83000000000001,1.0,25.0,5.0,12.0,0.0,1.0,1.0,4.0,3.0
DB09061_docking_min1.mol2,-6.2,337,DB09061,CCCCCC1=CC(O)=C([C@@H]2C=C(C)CC[C@H]2C(C)=C)C(O)=C1,314.469,5.846500000000007,2.0,2.0,6.0,1.0,CHEMBL190461,0.45,nM,0.45,9.346787486224656,40.46,2.0,23.0,2.0,6.0,1.0,1.0,0.0,2.0,2.0
DB00814_docking_min1.mol2,-6.6,244,DB00814,CN1C(C(=O)NC2=NC=C(C)S2)=C(O)C2=C(C=CC=C2)S1(=O)=O,351.40900000000005,1.95092,6.0,2.0,2.0,2.0,CHEMBL599,0.49,nM,0.49,9.309803919971486,99.6,3.0,23.0,9.0,2.0,2.0,1.0,0.0,6.0,2.0
DB08930_docking_min1.mol2,-8.7,17,DB08930,[H][C@]12CN3C=C(C(=O)NCC4=CC=C(F)C=C4F)C(=O)C(O)=C3C(=O)N1[C@H](C)CCO2,419.3840000000002,1.3527999999999998,6.0,2.0,3.0,2.0,CHEMBL1229211,0.5,nM,0.5,9.30102999566398,100.87,4.0,30.0,10.0,3.0,2.0,2.0,1.0,6.0,2.0
DB06603_docking_min1.mol2,-8.2,38,DB06603,CC1=C(CCNCC2=CC=C(\C=C\C(=O)NO)C=C2)C2=CC=CC=C2N1,349.4340000000001,3.3272200000000014,3.0,4.0,7.0,3.0,CHEMBL483254,0.5,nM,0.5,9.30102999566398,77.15,3.0,26.0,5.0,7.0,3.0,0.0,0.0,3.0,4.0
DB04571_docking_min1.mol2,-7.2,149,DB04571,CC1=CC2=CC3=C(OC(=O)C=C3C)C(C)=C2O1,228.247,3.4644600000000025,3.0,0.0,0.0,3.0,CHEMBL1475,0.5,nM,0.5,9.30102999566398,43.35,3.0,17.0,3.0,0.0,3.0,0.0,0.0,3.0,0.0
DB01205_docking_min1.mol2,-5.6,443,DB01205,CCOC(=O)C1=C2CN(C)C(=O)C3=C(C=CC(F)=C3)N2C=N1,303.293,1.7736999999999998,5.0,0.0,2.0,2.0,CHEMBL407,0.5,nM,0.5,9.30102999566398,64.43,3.0,22.0,7.0,2.0,2.0,1.0,0.0,5.0,0.0
DB00472_docking_min1.mol2,-6.2,327,DB00472,CNCCC(OC1=CC=C(C=C1)C(F)(F)F)C1=CC=CC=C1,309.331,4.435000000000003,2.0,1.0,6.0,2.0,CHEMBL41,0.51,nM,0.51,9.292429823902063,21.259999999999998,2.0,22.0,5.0,6.0,2.0,0.0,0.0,2.0,1.0
DB08865_docking_min1.mol2,-7.6,101,DB08865,C[C@@H](OC1=CC(=CN=C1N)C1=CN(N=C1)C1CCNCC1)C1=C(Cl)C=CC(F)=C1Cl,450.34500000000014,5.0377000000000045,6.0,2.0,5.0,3.0,CHEMBL601719,0.51,nM,0.51,9.292429823902063,77.99000000000001,4.0,30.0,9.0,5.0,3.0,1.0,1.0,6.0,2.0
DB00245_docking_min1.mol2,-6.2,324,DB00245,[H][C@]12CC[C@]([H])(C[C@@]([H])(C1)OC(C1=CC=CC=C1)C1=CC=CC=C1)N2C,307.43700000000007,4.417800000000003,2.0,0.0,4.0,2.0,CHEMBL1201203,0.544,nM,0.544,9.26440110030182,12.47,4.0,23.0,2.0,4.0,2.0,2.0,2.0,2.0,0.0
DB00960_docking_min1.mol2,-6.9,194,DB00960,CC(C)NCC(O)COC1=CC=CC2=C1C=CN2,248.326,1.9055999999999995,3.0,3.0,6.0,2.0,CHEMBL500,0.549,nM,0.549,9.260427655549908,57.279999999999994,2.0,18.0,4.0,6.0,2.0,0.0,0.0,3.0,3.0
DB06803_docking_min1.mol2,-7.8,76,DB06803,OC1=C(C=C(Cl)C=C1)C(=O)NC1=C(Cl)C=C(C=C1)[N+]([O-])=O,327.12300000000005,3.8595000000000015,4.0,2.0,3.0,2.0,CHEMBL1448,0.56,nM,0.56,9.2518119729938,92.47,2.0,21.0,8.0,3.0,2.0,0.0,0.0,4.0,2.0
DB11363_docking_min1.mol2,-7.2,154,DB11363,CCC1=CC2=C(C=C1N1CCC(CC1)N1CCOCC1)C(C)(C)C1=C(C3=CC=C(C=C3N1)C#N)C2=O,482.6280000000002,4.773280000000004,5.0,1.0,3.0,3.0,CHEMBL1738797,0.59,nM,0.59,9.229147988357855,72.36,6.0,36.0,6.0,3.0,3.0,3.0,2.0,5.0,1.0
DB06414_docking_min1.mol2,-8.1,50,DB06414,CC1=CC(=CC(C)=C1OC1=C(Br)C(N)=NC(NC2=CC=C(C=C2)C#N)=N1)C#N,435.2850000000001,4.717400000000003,7.0,2.0,4.0,3.0,CHEMBL308954,0.6,nM,0.6,9.221848749616356,120.64000000000001,3.0,28.0,8.0,4.0,3.0,0.0,0.0,7.0,2.0
DB00307_docking_min1.mol2,-7.3,124,DB00307,CC1=CC2=C(C=C1C(=C)C1=CC=C(C=C1)C(O)=O)C(C)(C)CCC2(C)C,348.4860000000002,6.103720000000005,1.0,1.0,3.0,2.0,CHEMBL1023,0.6582,nM,0.6582,9.181642122041644,37.3,3.0,26.0,2.0,3.0,2.0,1.0,0.0,1.0,1.0
DB06228_docking_min1.mol2,-8.8,12,DB06228,ClC1=CC=C(S1)C(=O)NC[C@H]1CN(C(=O)O1)C1=CC=C(C=C1)N1CCOCC1=O,435.8890000000002,2.5199,6.0,1.0,5.0,2.0,CHEMBL198362,0.7,nM,0.7,9.154901959985745,88.18,4.0,29.0,10.0,5.0,2.0,2.0,2.0,6.0,1.0
DB08954_docking_min1.mol2,-8.0,59,DB08954,CC(C(O)C1=CC=C(O)C=C1)N1CCC(CC2=CC=CC=C2)CC1,325.45200000000006,3.7688000000000033,3.0,2.0,5.0,2.0,CHEMBL305187,0.73,nM,0.73,9.136677139879543,43.7,3.0,24.0,3.0,5.0,2.0,1.0,1.0,3.0,2.0
DB01210_docking_min1.mol2,-7.5,114,DB01210,CC(C)(C)NC[C@H](O)COC1=CC=CC2=C1CCCC2=O,291.391,2.3334,4.0,2.0,5.0,1.0,CHEMBL1201237,0.793,nM,0.793,9.100726812682396,58.559999999999995,2.0,21.0,4.0,5.0,1.0,1.0,0.0,4.0,2.0
DB00431_docking_min1.mol2,-4.8,527,DB00431,Cl[C@H]1[C@H](Cl)[C@@H](Cl)[C@@H](Cl)[C@H](Cl)[C@H]1Cl,290.832,3.644400000000001,0.0,0.0,0.0,0.0,CHEMBL15891,0.9,nM,0.9,9.045757490560677,0.0,1.0,12.0,6.0,0.0,0.0,1.0,1.0,0.0,0.0
DB13164_docking_min1.mol2,-8.6,23,DB13164,CN1CCN(CC1)C1=CC=C(NC2=NC(OC3=CC=CC(NC(=O)C=C)=C3)=C3SC=CC3=N2)C=C1,486.60100000000017,5.103500000000003,8.0,2.0,7.0,4.0,CHEMBL3786343,0.9,nM,0.9,9.045757490560677,82.61999999999999,5.0,35.0,9.0,7.0,4.0,1.0,1.0,8.0,2.0
DB00215_docking_min1.mol2,-6.7,226,DB00215,CN(C)CCCC1(OCC2=C1C=CC(=C2)C#N)C1=CC=C(F)C=C1,324.399,3.812980000000003,3.0,0.0,5.0,2.0,CHEMBL549,0.902,nM,0.902,9.044793462458058,36.26,3.0,24.0,4.0,5.0,2.0,1.0,0.0,3.0,0.0
DB00579_docking_min1.mol2,-7.6,96,DB00579,OC1(N2CCN=C2C2=CC=CC=C12)C1=CC=C(Cl)C=C1,284.74600000000004,2.6092000000000004,3.0,1.0,1.0,2.0,CHEMBL781,0.92,nM,0.92,9.036212172654444,35.83,4.0,20.0,4.0,1.0,2.0,2.0,0.0,3.0,1.0
DB01043_docking_min1.mol2,-6.3,309,DB01043,CC12CC3CC(C)(C1)CC(N)(C3)C2,179.307,2.6941000000000006,1.0,1.0,0.0,0.0,CHEMBL807,0.95,nM,0.95,9.022276394711152,26.02,4.0,13.0,1.0,0.0,0.0,4.0,4.0,1.0,1.0
DB00434_docking_min1.mol2,-6.5,257,DB00434,CN1CCC(CC1)=C1C2=CC=CC=C2C=CC2=CC=CC=C12,287.40600000000006,4.697900000000004,1.0,0.0,0.0,2.0,CHEMBL516,0.973,nM,0.973,9.011887159731648,3.24,4.0,22.0,1.0,0.0,2.0,2.0,1.0,1.0,0.0
DB00184_docking_min1.mol2,-6.1,344,DB00184,CN1CCC[C@H]1C1=CN=CC=C1,162.23600000000002,1.8483,2.0,0.0,1.0,1.0,CHEMBL3,1.0,nM,1.0,9.0,16.130000000000003,2.0,12.0,2.0,1.0,1.0,1.0,1.0,2.0,0.0
DB00876_docking_min1.mol2,-5.9,394,DB00876,CCCCC1=NC=C(\C=C(/CC2=CC=CS2)C(O)=O)N1CC1=CC=C(C=C1)C(O)=O,424.52200000000016,4.744400000000003,5.0,2.0,10.0,3.0,CHEMBL813,1.0,nM,1.0,9.0,92.42000000000002,3.0,30.0,7.0,10.0,3.0,0.0,0.0,5.0,2.0
DB05812_docking_min1.mol2,-6.6,250,DB05812,[H][C@@]12CC=C(C3=CC=CN=C3)[C@@]1(C)CC[C@@]1([H])[C@@]2([H])CC=C2C[C@@H](O)CC[C@]12C,349.51800000000014,5.398600000000005,2.0,1.0,1.0,1.0,CHEMBL254328,1.0,nM,1.0,9.0,33.120000000000005,5.0,26.0,2.0,1.0,1.0,4.0,2.0,2.0,1.0
DB09060_docking_min1.mol2,-5.4,481,DB09060,NC(=O)[C@@H]1CC[C@@H]2CN1C(=O)N2OS(O)(=O)=O,265.247,-1.5252999999999983,5.0,2.0,3.0,0.0,CHEMBL1689063,1.0,nM,1.0,9.0,130.24,2.0,17.0,10.0,3.0,0.0,2.0,2.0,5.0,2.0
DB00342_docking_min1.mol2,-7.8,68,DB00342,CC(C)(C)C1=CC=C(C=C1)C(O)CCCN1CCC(CC1)C(O)(C1=CC=CC=C1)C1=CC=CC=C1,471.6850000000001,6.445800000000007,3.0,2.0,8.0,3.0,CHEMBL17157,1.0,nM,1.0,9.0,43.7,4.0,35.0,3.0,8.0,3.0,1.0,1.0,3.0,2.0
DB09030_docking_min1.mol2,-8.9,9,DB09030,[H][C@@]12C[C@]3([H])C[C@@H](CC[C@@]3([H])[C@H](\C=C\C3=CC=C(C=N3)C3=CC(F)=CC=C3)[C@]1([H])[C@@H](C)OC2=O)NC(=O)OCC,492.5910000000003,5.629500000000006,5.0,1.0,5.0,2.0,CHEMBL493982,1.1,nM,1.1,8.958607314841775,77.52,5.0,36.0,7.0,5.0,2.0,3.0,3.0,5.0,1.0
DB00692_docking_min1.mol2,-6.7,228,DB00692,CC1=CC=C(C=C1)N(CC1=NCCN1)C1=CC(O)=CC=C1,281.359,2.840420000000001,4.0,2.0,4.0,2.0,CHEMBL597,1.1,nM,1.1,8.958607314841775,47.86,3.0,21.0,4.0,4.0,2.0,1.0,0.0,4.0,2.0
DB00813_docking_min1.mol2,-6.5,259,DB00813,CCC(=O)N(C1CCN(CCC2=CC=CC=C2)CC1)C1=CC=CC=C1,336.47900000000004,4.136700000000004,2.0,0.0,6.0,2.0,CHEMBL596,1.14,nM,1.14,8.943095148663527,23.550000000000004,3.0,25.0,3.0,6.0,2.0,1.0,1.0,2.0,0.0
DB04854_docking_min1.mol2,-6.7,232,DB04854,CC(C)COC1=C(C=C(C=C1)C1=NC(C)=C(S1)C(O)=O)C#N,316.38200000000006,3.723200000000002,5.0,1.0,5.0,2.0,CHEMBL1164729,1.259,nM,1.259,8.899974269892137,83.21000000000001,2.0,22.0,6.0,5.0,2.0,0.0,0.0,5.0,1.0
DB01190_docking_min1.mol2,-5.7,428,DB01190,CCC[C@@H]1C[C@H](N(C)C1)C(=O)NC(C(C)Cl)[C@H]1O[C@H](SC)[C@H](O)[C@@H](O)[C@H]1O,424.9910000000001,0.3895000000000002,7.0,4.0,7.0,0.0,CHEMBL1753,1.3,nM,1.3,8.886056647693163,102.26000000000002,2.0,27.0,9.0,7.0,0.0,2.0,2.0,7.0,4.0
DB01544_docking_min1.mol2,-9.1,4,DB01544,CN1C2=C(C=C(C=C2)[N+]([O-])=O)C(=NCC1=O)C1=CC=CC=C1F,313.28799999999995,2.5477000000000007,4.0,0.0,2.0,2.0,CHEMBL13280,1.5,nM,1.5,8.823908740944319,75.81,3.0,23.0,7.0,2.0,2.0,1.0,0.0,4.0,0.0
DB01217_docking_min1.mol2,-6.9,198,DB01217,CC(C)(C#N)C1=CC(=CC(CN2C=NC=N2)=C1)C(C)(C)C#N,293.374,2.9287600000000014,5.0,0.0,4.0,2.0,CHEMBL1399,1.5,nM,1.5,8.823908740944319,78.28999999999999,2.0,22.0,5.0,4.0,2.0,0.0,0.0,5.0,0.0
DB00543_docking_min1.mol2,-6.0,367,DB00543,ClC1=CC2=C(OC3=CC=CC=C3N=C2N2CCNCC2)C=C1,313.78800000000007,3.4292000000000025,4.0,1.0,0.0,2.0,CHEMBL1113,1.552,nM,1.552,8.80910828307783,36.86,4.0,22.0,5.0,0.0,2.0,2.0,1.0,4.0,1.0
DB06016_docking_min1.mol2,-6.8,220,DB06016,CN(C)C(=O)N[C@H]1CC[C@H](CCN2CCN(CC2)C2=C(Cl)C(Cl)=CC=C2)CC1,427.4200000000001,4.335500000000003,3.0,1.0,5.0,1.0,CHEMBL2028019,1.66,nM,1.66,8.779891911959945,38.82000000000001,3.0,28.0,7.0,5.0,1.0,2.0,2.0,3.0,1.0
DB06274_docking_min1.mol2,-7.3,131,DB06274,C[C@H]1CN(C[C@H](CC2=CC=CC=C2)C(=O)NCC(O)=O)CC[C@@]1(C)C1=CC(O)=CC=C1,424.5410000000002,3.051400000000001,4.0,3.0,8.0,2.0,CHEMBL270190,1.7,nM,1.7,8.769551078621726,89.87000000000002,3.0,31.0,6.0,8.0,2.0,1.0,1.0,4.0,3.0
DB00967_docking_min1.mol2,-6.5,260,DB00967,ClC1=CC2=C(C=C1)C(=C1CCNCC1)C1=C(CC2)C=CC=N1,310.8279999999999,4.018900000000002,2.0,1.0,0.0,2.0,CHEMBL1172,1.84,nM,1.84,8.735182176990463,24.92,4.0,22.0,3.0,0.0,2.0,2.0,1.0,2.0,1.0
DB05316_docking_min1.mol2,-7.7,89,DB05316,CC(C)COC1=CC=C(CNC(=O)N(CC2=CC=C(F)C=C2)C2CCN(C)CC2)C=C1,427.5640000000002,4.6665000000000045,3.0,1.0,8.0,2.0,CHEMBL2111101,1.862,nM,1.862,8.730020323354676,44.81,3.0,31.0,6.0,8.0,2.0,1.0,1.0,3.0,1.0
DB01062_docking_min1.mol2,-6.6,247,DB01062,CCN(CC)CC#CCOC(=O)C(O)(C1CCCCC1)C1=CC=CC=C1,357.4940000000001,3.342900000000002,4.0,1.0,7.0,1.0,CHEMBL1231,1.994,nM,1.994,8.700274846024364,49.769999999999996,2.0,26.0,4.0,7.0,1.0,1.0,1.0,4.0,1.0
DB11793_docking_min1.mol2,-8.5,27,DB11793,NC(=O)C1=CC=CC2=CN(N=C12)C1=CC=C(C=C1)[C@@H]1CCCNC1,320.39600000000013,2.5914,4.0,2.0,3.0,3.0,CHEMBL1094636,2.0,nM,2.0,8.698970004336019,72.94,4.0,24.0,5.0,3.0,3.0,1.0,1.0,4.0,2.0
DB00575_docking_min1.mol2,-5.8,406,DB00575,ClC1=CC=CC(Cl)=C1NC1=NCCN1,230.098,2.3645,3.0,2.0,1.0,1.0,CHEMBL134,2.0,nM,2.0,8.698970004336019,36.42,2.0,14.0,5.0,1.0,1.0,1.0,0.0,3.0,2.0
DB07776_docking_min1.mol2,-8.0,58,DB07776,O=C1C=C(OC2=CC=CC=C12)C1=CC=CC=C1,222.243,3.4600000000000017,2.0,0.0,1.0,3.0,CHEMBL275638,2.0,nM,2.0,8.698970004336019,30.21,3.0,17.0,2.0,1.0,3.0,0.0,0.0,2.0,0.0
DB11737_docking_min1.mol2,-7.7,95,DB11737,C#CC1=CC=CC(NC2=NC=NC3=CC4=C(OCCOCCOCCO4)C=C23)=C1,391.42700000000025,3.1591000000000014,7.0,1.0,2.0,3.0,CHEMBL2087361,2.0,nM,2.0,8.698970004336019,74.73000000000002,4.0,29.0,7.0,2.0,3.0,1.0,0.0,7.0,1.0
DB00270_docking_min1.mol2,-5.9,387,DB00270,COC(=O)C1=C(C)NC(C)=C(C1C1=CC=CC2=NON=C12)C(=O)OC(C)C,371.3930000000002,2.5822000000000003,8.0,1.0,4.0,2.0,CHEMBL1648,2.2,nM,2.2,8.657577319177793,103.55,3.0,27.0,8.0,4.0,2.0,1.0,0.0,8.0,1.0
DB08907_docking_min1.mol2,-8.2,40,DB08907,[H][C@]1(O[C@H](CO)[C@@H](O)[C@H](O)[C@H]1O)C1=CC=C(C)C(CC2=CC=C(S2)C2=CC=C(F)C=C2)=C1,444.5240000000001,2.968320000000001,6.0,4.0,5.0,3.0,CHEMBL2048484,2.2,nM,2.2,8.657577319177793,90.15,4.0,31.0,7.0,5.0,3.0,1.0,1.0,6.0,4.0
DB00804_docking_min1.mol2,-4.8,528,DB00804,CCN(CC)CCOC(=O)C1(CCCCC1)C1CCCCC1,309.4940000000001,4.402200000000004,3.0,0.0,7.0,0.0,CHEMBL1123,2.382,nM,2.382,8.623058242853242,29.54,2.0,22.0,3.0,7.0,0.0,2.0,2.0,3.0,0.0
DB11672_docking_min1.mol2,-8.0,62,DB11672,COC1=CC(\C=C\C(=O)CC(=O)\C=C\C2=CC(OC)=C(O)C=C2)=CC=C1O,368.3850000000001,3.3699000000000026,6.0,2.0,8.0,2.0,CHEMBL140,2.5,nM,2.5,8.602059991327963,93.06000000000002,2.0,27.0,6.0,8.0,2.0,0.0,0.0,6.0,2.0
DB09017_docking_min1.mol2,-7.3,135,DB09017,CC1=NN=C2CN=C(C3=C(SC(Br)=C3)N12)C1=CC=CC=C1Cl,393.6970000000001,4.4041200000000025,5.0,0.0,1.0,3.0,CHEMBL32479,2.6,nM,2.6,8.585026652029182,43.07,4.0,22.0,7.0,1.0,3.0,1.0,0.0,5.0,0.0
DB00514_docking_min1.mol2,-6.3,304,DB00514,[H][C@]12CCCC[C@]11CCN(C)[C@H]2CC2=C1C=C(OC)C=C2,271.404,3.383400000000002,2.0,0.0,1.0,1.0,CHEMBL52440,2.71,nM,2.71,8.567030709125595,12.47,4.0,20.0,2.0,1.0,1.0,3.0,2.0,2.0,0.0
DB00470_docking_min1.mol2,-6.0,366,DB00470,[H][C@@]12C=C(C)CC[C@@]1([H])C(C)(C)OC1=C2C(O)=CC(CCCCC)=C1,314.4690000000001,5.7358000000000064,2.0,1.0,4.0,1.0,CHEMBL465,2.8,nM,2.8,8.55284196865778,29.46,3.0,23.0,2.0,4.0,1.0,2.0,0.0,2.0,1.0
DB00315_docking_min1.mol2,-6.4,277,DB00315,CN(C)CCC1=CNC2=CC=C(C[C@H]3COC(=O)N3)C=C12,287.36299999999994,1.9229,3.0,2.0,5.0,2.0,CHEMBL1185,2.818,nM,2.818,8.550059011226661,57.36,3.0,21.0,5.0,5.0,2.0,1.0,1.0,3.0,2.0
DB09068_docking_min1.mol2,-5.8,419,DB09068,CC1=CC=C(SC2=CC=CC=C2N2CCNCC2)C(C)=C1,298.4550000000001,3.8642400000000015,3.0,1.0,3.0,2.0,CHEMBL2104993,2.9,nM,2.9,8.537602002101044,15.27,3.0,21.0,3.0,3.0,2.0,1.0,1.0,3.0,1.0
DB01207_docking_min1.mol2,-6.9,197,DB01207,OC(=O)CCCCO\N=C(\C1=CN=CC=C1)C1=CC(=CC=C1)C(F)(F)F,366.33900000000006,4.124300000000003,4.0,1.0,8.0,2.0,CHEMBL280728,3.0,nM,3.0,8.522878745280337,71.78,2.0,26.0,8.0,8.0,2.0,0.0,0.0,4.0,1.0
DB00872_docking_min1.mol2,-8.9,8,DB00872,CC1=NC2=C(CCN(C(=O)C3=CC=C(NC(=O)C4=CC=CC=C4C4=CC=CC=C4)C=C3)C3=CC=CC=C23)N1,498.5860000000001,6.507320000000005,3.0,2.0,4.0,5.0,CHEMBL1755,3.0,nM,3.0,8.522878745280337,78.09,6.0,38.0,6.0,4.0,5.0,1.0,0.0,3.0,2.0
DB04794_docking_min1.mol2,-7.7,88,DB04794,C1=CN(C=N1)C(C1=CC=CC=C1)C1=CC=C(C=C1)C1=CC=CC=C1,310.40000000000003,5.187800000000004,2.0,0.0,4.0,4.0,CHEMBL277535,3.0,nM,3.0,8.522878745280337,17.82,4.0,24.0,2.0,4.0,4.0,0.0,0.0,2.0,0.0
DB09038_docking_min1.mol2,-7.2,152,DB09038,OC[C@H]1O[C@H]([C@H](O)[C@@H](O)[C@@H]1O)C1=CC=C(Cl)C(CC2=CC=C(O[C@H]3CCOC3)C=C2)=C1,450.9150000000003,1.6133999999999995,7.0,4.0,6.0,2.0,CHEMBL2107830,3.1,nM,3.1,8.508638306165727,108.61000000000001,4.0,31.0,8.0,6.0,2.0,2.0,2.0,7.0,4.0
DB09242_docking_min1.mol2,-6.2,338,DB09242,COC1=NC(C)=NC(Cl)=C1NC1=NCCN1,241.682,0.8181199999999997,6.0,2.0,2.0,1.0,CHEMBL19236,3.548,nM,3.548,8.45001638884031,71.43,2.0,16.0,7.0,2.0,1.0,1.0,0.0,6.0,2.0
DB00121_docking_min1.mol2,-6.1,342,DB00121,[H][C@]12CS[C@@H](CCCCC(O)=O)[C@@]1([H])NC(=O)N2,244.316,0.7968,3.0,3.0,5.0,0.0,CHEMBL857,3.73,nM,3.73,8.428291168191313,78.43,2.0,16.0,6.0,5.0,0.0,2.0,2.0,3.0,3.0
DB00176_docking_min1.mol2,-5.5,450,DB00176,COCCCC\C(=N/OCCN)C1=CC=C(C=C1)C(F)(F)F,318.339,3.201500000000001,4.0,1.0,9.0,1.0,CHEMBL814,3.8,nM,3.8,8.42021640338319,56.84,1.0,22.0,7.0,9.0,1.0,0.0,0.0,4.0,1.0
DB11614_docking_min1.mol2,-7.5,117,DB11614,CC1=CC(CN2CCC(CC2)=C2C3=CC=C(Cl)C=C3CCC3=C2N=CC=C3)=CN=C1,415.9680000000002,5.634920000000006,3.0,0.0,2.0,3.0,CHEMBL91397,3.9,nM,3.9,8.4089353929735,29.020000000000003,5.0,30.0,4.0,2.0,3.0,2.0,1.0,3.0,0.0
DB00222_docking_min1.mol2,-7.9,64,DB00222,CCC1=C(C)CN(C(=O)NCCC2=CC=C(C=C2)S(=O)(=O)NC(=O)N[C@H]2CC[C@H](C)CC2)C1=O,490.6260000000003,3.0740000000000016,5.0,3.0,7.0,1.0,CHEMBL1481,4.06,nM,4.06,8.391473966422806,124.68,3.0,34.0,10.0,7.0,1.0,2.0,1.0,5.0,3.0
DB00204_docking_min1.mol2,-7.2,141,DB00204,CN(CCOC1=CC=C(NS(C)(=O)=O)C=C1)CCC1=CC=C(NS(C)(=O)=O)C=C1,441.57500000000016,1.9829,6.0,2.0,11.0,2.0,CHEMBL473,4.1,nM,4.1,8.387216143280265,104.81,2.0,29.0,10.0,11.0,2.0,0.0,0.0,6.0,2.0
DB00846_docking_min1.mol2,-6.7,229,DB00846,CC1(C)O[C@@H]2C[C@H]3[C@@H]4C[C@H](F)C5=CC(=O)CC[C@]5(C)[C@H]4[C@@H](O)C[C@]3(C)[C@@]2(O1)C(=O)CO,436.5200000000002,2.498700000000001,6.0,2.0,2.0,0.0,CHEMBL1201012,4.447,nM,4.447,8.351932870551066,93.06000000000002,5.0,31.0,7.0,2.0,0.0,5.0,4.0,6.0,2.0
DB01685_docking_min1.mol2,-7.8,74,DB01685,N#CC1=NC=CC(=C1)C1=NNC(=N1)C1=CC=NC=C1,248.249,1.8003799999999996,5.0,1.0,2.0,3.0,CHEMBL1078685,4.8,nM,4.8,8.318758762624412,91.14,3.0,19.0,6.0,2.0,3.0,0.0,0.0,5.0,1.0
DB00963_docking_min1.mol2,-7.6,97,DB00963,NC1=C(CC(O)=O)C=CC=C1C(=O)C1=CC=C(Br)C=C1,334.169,2.889400000000001,3.0,2.0,4.0,2.0,CHEMBL1077,4.803,nM,4.803,8.318487413361037,80.39,2.0,20.0,5.0,4.0,2.0,0.0,0.0,3.0,2.0
DB12598_docking_min1.mol2,-8.7,19,DB12598,NC(=N)NC1=CC=C(C=C1)C(=O)OC1=CC2=C(C=C1)C=C(C=C2)C(N)=N,347.37800000000004,2.64844,4.0,5.0,4.0,3.0,CHEMBL273264,5.0,nM,5.0,8.301029995663981,138.07,3.0,26.0,7.0,4.0,3.0,0.0,0.0,4.0,5.0
DB00273_docking_min1.mol2,-5.9,388,DB00273,[H][C@@]12CO[C@@]3(COS(N)(=O)=O)OC(C)(C)O[C@@]3([H])[C@]1([H])OC(C)(C)O2,339.3660000000001,-0.3953999999999991,8.0,1.0,3.0,0.0,CHEMBL220492,5.0,nM,5.0,8.301029995663981,115.54000000000002,3.0,22.0,10.0,3.0,0.0,3.0,3.0,8.0,1.0
DB08439_docking_min1.mol2,-8.2,39,DB08439,CCC(=O)NS(=O)(=O)C1=CC=C(C=C1)C1=C(C)ON=C1C1=CC=CC=C1,370.43000000000006,3.531920000000002,5.0,1.0,5.0,3.0,CHEMBL1206690,5.0,nM,5.0,8.301029995663981,89.27,3.0,26.0,7.0,5.0,3.0,0.0,0.0,5.0,1.0
DB00357_docking_min1.mol2,-7.2,143,DB00357,CCC1(CCC(=O)NC1=O)C1=CC=C(N)C=C1,232.283,1.3531999999999995,3.0,2.0,2.0,1.0,CHEMBL488,5.2,nM,5.2,8.2839966563652,72.19,2.0,17.0,4.0,2.0,1.0,1.0,1.0,3.0,2.0
DB00821_docking_min1.mol2,-6.8,214,DB00821,CC(C(O)=O)C1=CC2=C(C=C1)C1=C(N2)C=CC(Cl)=C1,273.71900000000005,4.162600000000002,1.0,2.0,2.0,3.0,CHEMBL1316,5.3,nM,5.3,8.275724130399212,53.089999999999996,3.0,19.0,4.0,2.0,3.0,0.0,0.0,1.0,2.0
DB09286_docking_min1.mol2,-6.7,240,DB09286,NC(=O)C1(CCN(CCCC(=O)C2=CC=C(F)C=C2)CC1)N1CCCCC1,375.4880000000003,2.5944,4.0,1.0,7.0,1.0,CHEMBL440294,5.37,nM,5.37,8.270025714300445,66.64,3.0,27.0,6.0,7.0,1.0,2.0,2.0,4.0,1.0
DB08868_docking_min1.mol2,-6.9,204,DB08868,CCCCCCCCC1=CC=C(CCC(N)(CO)CO)C=C1,307.478,3.204300000000001,3.0,3.0,12.0,1.0,CHEMBL314854,6.1,nM,6.1,8.214670164989233,66.48,1.0,22.0,3.0,12.0,1.0,0.0,0.0,3.0,3.0
DB01084_docking_min1.mol2,-5.5,459,DB01084,CCOCCN1C(=NC2=CC=CC=C12)N1CCCN(C)CC1,302.4220000000001,2.2147,5.0,0.0,5.0,2.0,CHEMBL594,6.1,nM,6.1,8.214670164989233,33.53,3.0,22.0,5.0,5.0,2.0,1.0,1.0,5.0,0.0
DB01036_docking_min1.mol2,-6.0,377,DB01036,CC(C)N(CC[C@H](C1=CC=CC=C1)C1=C(O)C=CC(C)=C1)C(C)C,325.4960000000001,5.341420000000006,2.0,1.0,7.0,2.0,CHEMBL1382,6.31,nM,6.31,8.199970640755867,23.47,2.0,24.0,2.0,7.0,2.0,0.0,0.0,2.0,1.0
DB04920_docking_min1.mol2,-5.7,430,DB04920,CCCC(=O)OCOC(=O)C1=C(C)NC(C)=C(C1C1=CC=CC(Cl)=C1Cl)C(=O)OC,456.3220000000002,4.245200000000003,7.0,1.0,7.0,1.0,CHEMBL1237132,7.1,nM,7.1,8.148741651280925,90.92999999999999,2.0,30.0,9.0,7.0,1.0,1.0,0.0,7.0,1.0
DB11799_docking_min1.mol2,-8.7,18,DB11799,OC1=C2N(C[C@H]3O[C@@H]4CC[C@@H](C4)N3C2=O)C=C(C(=O)NCC2=C(F)C=C(F)C=C2F)C1=O,449.3850000000001,1.6344,6.0,2.0,3.0,2.0,CHEMBL3989866,7.5,nM,7.5,8.1249387366083,100.87,5.0,32.0,11.0,3.0,2.0,3.0,2.0,6.0,2.0
DB00275_docking_min1.mol2,-7.2,142,DB00275,CCCC1=NC(=C(N1CC1=CC=C(C=C1)C1=C(C=CC=C1)C1=NN=NN1)C(O)=O)C(C)(C)O,446.5110000000002,3.6566000000000014,7.0,3.0,8.0,4.0,CHEMBL1516,7.7,nM,7.7,8.113509274827518,129.81,4.0,33.0,9.0,8.0,4.0,0.0,0.0,7.0,3.0
DB00413_docking_min1.mol2,-6.2,325,DB00413,CCCN[C@H]1CCC2=C(C1)SC(N)=N2,211.334,1.5821999999999998,4.0,2.0,3.0,1.0,CHEMBL301265,7.8,nM,7.8,8.10790539730952,50.94,2.0,14.0,4.0,3.0,1.0,1.0,0.0,4.0,2.0
DB05039_docking_min1.mol2,-8.7,15,DB05039,CCC1=C(CC)C=C2CC(CC2=C1)NC[C@H](O)C1=C2C=CC(=O)NC2=C(O)C=C1,392.4990000000001,3.148900000000001,4.0,4.0,6.0,3.0,CHEMBL1095777,7.9,nM,7.9,8.102372908709558,85.35000000000001,4.0,29.0,5.0,6.0,3.0,1.0,0.0,4.0,4.0
DB00922_docking_min1.mol2,-7.7,83,DB00922,C[C@@H]1CC(=O)NN=C1C1=CC=C(NN=C(C#N)C#N)C=C1,280.291,1.36176,6.0,2.0,3.0,1.0,CHEMBL2051955,8.0,nM,8.0,8.096910013008056,113.42999999999998,2.0,21.0,7.0,3.0,1.0,1.0,0.0,6.0,2.0
DB08880_docking_min1.mol2,-6.7,237,DB08880,C\C(O)=C(/C#N)C(=O)NC1=CC=C(C=C1)C(F)(F)F,270.21,2.99948,3.0,2.0,2.0,1.0,CHEMBL973,9.0,nM,9.0,8.045757490560675,73.11999999999999,1.0,19.0,7.0,2.0,1.0,0.0,0.0,3.0,2.0
DB00665_docking_min1.mol2,-7.8,69,DB00665,CC1(C)NC(=O)N(C1=O)C1=CC(=C(C=C1)[N+]([O-])=O)C(F)(F)F,317.223,2.4484000000000004,4.0,1.0,2.0,1.0,CHEMBL1274,9.0,nM,9.0,8.045757490560675,92.55000000000001,2.0,22.0,10.0,2.0,1.0,1.0,1.0,4.0,1.0
DB01097_docking_min1.mol2,-8.0,55,DB01097,CC1=C(C=NO1)C(=O)NC1=CC=C(C=C1)C(F)(F)F,270.21,3.254120000000001,3.0,1.0,2.0,2.0,CHEMBL960,9.0,nM,9.0,8.045757490560675,55.13,2.0,19.0,7.0,2.0,2.0,0.0,0.0,3.0,1.0
DB00749_docking_min1.mol2,-6.1,349,DB00749,CCC1=C2NC3=C(CCOC3(CC)CC(O)=O)C2=CC=C1,287.3589999999999,3.383000000000002,2.0,2.0,4.0,2.0,CHEMBL622,9.4,nM,9.4,8.0268721464003,62.32,3.0,21.0,4.0,4.0,2.0,1.0,0.0,2.0,2.0
DB13783_docking_min1.mol2,-6.9,209,DB13783,COC1=CC2=C(C=C1)N(C(=O)C1=CC=C(Cl)C=C1)C(C)=C2CC(=O)OCC(O)=O,415.8290000000003,3.4705200000000023,6.0,1.0,6.0,3.0,CHEMBL189171,10.0,nM,10.0,8.0,94.83000000000001,3.0,29.0,8.0,6.0,3.0,0.0,0.0,6.0,1.0
DB06816_docking_min1.mol2,-8.1,51,DB06816,CN(C)C1=CC2=C(C=C1)[N+](C)=C(\C=C\C1=C(C)N(C(C)=C1)C1=CC=CC=C1)C=C2,382.531,5.308240000000005,2.0,0.0,4.0,4.0,CHEMBL1201303,10.0,nM,10.0,8.0,12.05,4.0,29.0,3.0,4.0,4.0,0.0,0.0,2.0,0.0
DB01128_docking_min1.mol2,-8.3,35,DB01128,CC(O)(CS(=O)(=O)C1=CC=C(F)C=C1)C(=O)NC1=CC(=C(C=C1)C#N)C(F)(F)F,430.3790000000001,2.8795800000000016,5.0,2.0,5.0,2.0,CHEMBL409,10.0,nM,10.0,8.0,107.25999999999999,2.0,29.0,11.0,5.0,2.0,0.0,0.0,5.0,2.0
DB13931_docking_min1.mol2,-8.8,13,DB13931,CC1=CC(C)=C(C=C1)C(=O)OCC1=CC=C(C=C1)[C@@H](CN)C(=O)NC1=CC=C2C=NC=CC2=C1,453.5420000000002,4.889640000000004,5.0,2.0,7.0,4.0,CHEMBL4594250,11.2,nM,11.2,7.950781977329818,94.31,4.0,34.0,6.0,7.0,4.0,0.0,0.0,5.0,2.0
DB11642_docking_min1.mol2,-5.9,401,DB11642,ClC1=CC=C(CCCOCCCN2CCCCC2)C=C1,295.8539999999999,4.165200000000003,2.0,0.0,8.0,1.0,CHEMBL462605,12.0,nM,12.0,7.920818753952375,12.47,2.0,20.0,3.0,8.0,1.0,1.0,1.0,2.0,0.0
DB01406_docking_min1.mol2,-7.1,163,DB01406,[H][C@@]12CC[C@@](O)(C#C)[C@@]1(C)CC[C@@]1([H])[C@@]2([H])CCC2=CC3=C(C[C@]12C)C=NO3,337.463,4.221000000000004,3.0,1.0,0.0,1.0,CHEMBL1479,12.0,nM,12.0,7.920818753952375,46.260000000000005,5.0,25.0,3.0,0.0,1.0,4.0,3.0,3.0,1.0
DB11967_docking_min1.mol2,-6.6,254,DB11967,CN1C=NC2=C(F)C(NC3=CC=C(Br)C=C3F)=C(C=C12)C(=O)NOCCO,441.2320000000002,3.0113000000000016,6.0,3.0,6.0,3.0,CHEMBL3187723,12.0,nM,12.0,7.920818753952375,88.41000000000001,3.0,27.0,10.0,6.0,3.0,0.0,0.0,6.0,3.0
DB11155_docking_min1.mol2,-7.3,138,DB11155,ClC1=CC=C(NC(=O)NC2=CC(Cl)=C(Cl)C=C2)C=C1,315.587,5.290800000000002,1.0,2.0,2.0,2.0,CHEMBL1076347,13.0,nM,13.0,7.886056647693163,41.13,2.0,19.0,6.0,2.0,2.0,0.0,0.0,1.0,2.0
DB00419_docking_min1.mol2,-6.4,278,DB00419,CCCCN1C[C@H](O)[C@@H](O)[C@H](O)[C@H]1CO,219.281,-1.4542999999999997,5.0,4.0,4.0,0.0,CHEMBL1029,14.0,nM,14.0,7.853871964321762,84.16000000000001,1.0,15.0,5.0,4.0,0.0,1.0,1.0,5.0,4.0
DB00425_docking_min1.mol2,-6.2,326,DB00425,CN(C)C(=O)CC1=C(N=C2C=CC(C)=CN12)C1=CC=C(C)C=C1,307.39700000000005,3.248840000000002,3.0,0.0,3.0,3.0,CHEMBL911,14.0,nM,14.0,7.853871964321762,37.61,3.0,23.0,4.0,3.0,3.0,0.0,0.0,3.0,0.0
DB00989_docking_min1.mol2,-6.0,375,DB00989,CCN(C)C(=O)OC1=CC=CC(=C1)[C@H](C)N(C)C,250.342,2.7597000000000014,3.0,0.0,4.0,1.0,CHEMBL636,14.3,nM,14.3,7.844663962534938,32.78,1.0,18.0,4.0,4.0,1.0,0.0,0.0,3.0,0.0
DB00802_docking_min1.mol2,-6.3,305,DB00802,CCN1N=NN(CCN2CCC(COC)(CC2)N(C(=O)CC)C2=CC=CC=C2)C1=O,416.5260000000001,1.3839000000000006,8.0,0.0,9.0,2.0,CHEMBL634,15.0,nM,15.0,7.823908740944319,85.49000000000001,3.0,30.0,9.0,9.0,2.0,1.0,1.0,8.0,0.0
DB09039_docking_min1.mol2,-7.0,185,DB09039,CCCCCCCC(=O)N[C@H](CN1CCCC1)[C@H](O)C1=CC=C2OCCOC2=C1,404.55100000000016,3.4323000000000023,5.0,2.0,11.0,1.0,CHEMBL2110588,16.0,nM,16.0,7.795880017344075,71.03000000000002,3.0,29.0,6.0,11.0,1.0,2.0,1.0,5.0,2.0
DB11901_docking_min1.mol2,-7.8,80,DB11901,CNC(=O)C1=CC=C(C=C1F)N1C(=S)N(C(=O)C11CCC1)C1=CC(=C(N=C1)C#N)C(F)(F)F,477.4430000000002,3.5315800000000026,5.0,1.0,3.0,2.0,CHEMBL3183409,16.0,nM,16.0,7.795880017344075,89.33000000000001,4.0,33.0,12.0,3.0,2.0,2.0,2.0,5.0,1.0
DB05676_docking_min1.mol2,-6.0,382,DB05676,CCOC1=CC(=CC=C1OC)[C@@H](CS(C)(=O)=O)N1C(=O)C2=CC=CC(NC(C)=O)=C2C1=O,460.5080000000002,2.4342000000000006,7.0,1.0,8.0,2.0,CHEMBL514800,21.0,nM,21.0,7.67778070526608,119.07999999999998,3.0,32.0,10.0,8.0,2.0,1.0,0.0,7.0,1.0
DB01123_docking_min1.mol2,-7.0,181,DB01123,NC1=CC2=NC3=C(C=CC(N)=C3)C=C2C=C1,209.252,2.5524000000000004,3.0,2.0,0.0,3.0,CHEMBL55400,21.0,nM,21.0,7.67778070526608,64.92999999999999,3.0,16.0,3.0,0.0,3.0,0.0,0.0,3.0,2.0
DB01611_docking_min1.mol2,-6.7,231,DB01611,CCN(CCO)CCCC(C)NC1=C2C=CC(Cl)=CC2=NC=C1,335.879,3.783000000000002,4.0,2.0,9.0,2.0,CHEMBL1535,21.5,nM,21.5,7.667561540084395,48.39,2.0,23.0,5.0,9.0,2.0,0.0,0.0,4.0,2.0
DB06718_docking_min1.mol2,-6.5,269,DB06718,[H][C@@]12CC[C@](C)(O)[C@@]1(C)CC[C@@]1([H])[C@@]2([H])CC[C@@]2([H])CC3=NNC=C3C[C@]12C,328.50000000000006,4.118100000000003,2.0,2.0,0.0,1.0,CHEMBL2079587,22.0,nM,22.0,7.657577319177793,48.910000000000004,5.0,24.0,3.0,0.0,1.0,4.0,3.0,2.0,2.0
DB01244_docking_min1.mol2,-5.7,429,DB01244,CC(C)COCC(CN(CC1=CC=CC=C1)C1=CC=CC=C1)N1CCCC1,366.5490000000002,4.830200000000005,3.0,0.0,10.0,2.0,CHEMBL1008,22.91,nM,22.91,7.639974910810602,15.71,3.0,27.0,3.0,10.0,2.0,1.0,1.0,3.0,0.0
DB06694_docking_min1.mol2,-5.6,445,DB06694,CC1=CC(=CC(C)=C1CC1=NCCN1)C(C)(C)C,244.382,3.1451400000000023,2.0,1.0,2.0,1.0,CHEMBL312448,23.0,nM,23.0,7.638272163982407,24.39,2.0,18.0,2.0,2.0,1.0,1.0,0.0,2.0,1.0
DB06701_docking_min1.mol2,-5.4,480,DB06701,[H][C@@](C(=O)OC)(C1=CC=CC=C1)[C@@]1([H])CCCCN1,233.31099999999995,2.0853,3.0,1.0,3.0,1.0,CHEMBL827,24.0,nM,24.0,7.619788758288394,38.33,2.0,17.0,3.0,3.0,1.0,1.0,1.0,3.0,1.0
DB01591_docking_min1.mol2,-7.0,182,DB01591,O=C(O[C@H]1CN2CCC1CC2)N1CCC2=CC=CC=C2[C@@H]1C1=CC=CC=C1,362.47300000000007,3.864900000000003,3.0,0.0,2.0,2.0,CHEMBL1734,24.0,nM,24.0,7.619788758288394,32.78,6.0,27.0,4.0,2.0,2.0,4.0,3.0,3.0,0.0
DB01224_docking_min1.mol2,-6.0,378,DB01224,OCCOCCN1CCN(CC1)C1=NC2=CC=CC=C2SC2=CC=CC=C12,383.5170000000001,2.8560000000000016,6.0,1.0,5.0,2.0,CHEMBL716,24.5,nM,24.5,7.610833915635467,48.300000000000004,4.0,27.0,6.0,5.0,2.0,2.0,1.0,6.0,1.0
DB00809_docking_min1.mol2,-5.4,474,DB00809,CCN(CC1=CC=NC=C1)C(=O)C(CO)C1=CC=CC=C1,284.359,2.2062,3.0,1.0,6.0,2.0,CHEMBL1200604,25.0,nM,25.0,7.602059991327962,53.43000000000001,2.0,21.0,4.0,6.0,2.0,0.0,0.0,3.0,1.0
DB04841_docking_min1.mol2,-7.3,128,DB04841,FC1=CC=C(C=C1)C(N1CCN(C\C=C\C2=CC=CC=C2)CC1)C1=CC=C(F)C=C1,404.5040000000001,5.3852000000000055,2.0,0.0,6.0,3.0,CHEMBL30008,25.0,nM,25.0,7.602059991327962,6.48,4.0,30.0,4.0,6.0,3.0,1.0,1.0,2.0,0.0
DB00343_docking_min1.mol2,-5.5,453,DB00343,COC1=CC=C(C=C1)[C@@H]1SC2=C(C=CC=C2)N(CCN(C)C)C(=O)[C@@H]1OC(C)=O,414.5270000000002,3.3685000000000027,6.0,0.0,6.0,2.0,CHEMBL23,28.0,nM,28.0,7.552841968657781,59.080000000000005,3.0,29.0,7.0,6.0,2.0,1.0,0.0,6.0,0.0
DB11742_docking_min1.mol2,-10.0,0,DB11742,CC(C)(C)C1=CC=C(C=C1)C(=O)CCCN1CCC(CC1)OC(C1=CC=CC=C1)C1=CC=CC=C1,469.6690000000001,7.217600000000008,3.0,0.0,9.0,3.0,CHEMBL305660,28.3,nM,28.3,7.548213564475709,29.540000000000003,4.0,35.0,3.0,9.0,3.0,1.0,1.0,3.0,0.0
DB00888_docking_min1.mol2,-3.6,571,DB00888,CN(CCCl)CCCl,156.056,1.3958,1.0,0.0,4.0,0.0,CHEMBL427,29.0,nM,29.0,7.5376020021010435,3.24,0.0,8.0,3.0,4.0,0.0,0.0,0.0,1.0,0.0
DB06255_docking_min1.mol2,-6.5,268,DB06255,OP(O)(=O)C(NC1CCCCCC1)P(O)(O)=O,287.1889999999999,0.9377999999999996,3.0,5.0,4.0,0.0,CHEMBL53950,30.0,nM,30.0,7.522878745280337,127.09,1.0,17.0,9.0,4.0,0.0,1.0,1.0,3.0,5.0
DB06764_docking_min1.mol2,-7.1,165,DB06764,C1CN=C(N1)C1CCCC2=CC=CC=C12,200.285,2.1082,2.0,1.0,1.0,1.0,CHEMBL1266,30.0,nM,30.0,7.522878745280337,24.39,3.0,15.0,2.0,1.0,1.0,2.0,0.0,2.0,1.0
DB04864_docking_min1.mol2,-6.3,314,DB04864,[H][C@@]12CC3=C(C=CC(=O)N3)[C@@](N)(CC(C)=C1)\C2=C\C,242.32199999999995,1.9975,2.0,2.0,0.0,1.0,CHEMBL395280,33.0,nM,33.0,7.481486060122112,58.879999999999995,3.0,18.0,3.0,0.0,1.0,2.0,0.0,2.0,2.0
DB01243_docking_min1.mol2,-6.2,332,DB01243,OC1=C(Cl)C=C(Cl)C2=C1N=CC=C2,214.051,3.2472000000000003,2.0,1.0,0.0,2.0,CHEMBL1200596,39.34,nM,39.34,7.405165644416682,33.120000000000005,2.0,13.0,4.0,0.0,2.0,0.0,0.0,2.0,1.0
DB00700_docking_min1.mol2,-7.5,107,DB00700,[H][C@@]12CC[C@@]3(CCC(=O)O3)[C@@]1(C)C[C@H]1O[C@@]11[C@@]2([H])[C@@H](CC2=CC(=O)CC[C@]12C)C(=O)OC,414.4980000000003,3.124500000000002,6.0,0.0,1.0,0.0,CHEMBL1095097,39.81,nM,39.81,7.400007822415902,82.2,6.0,30.0,6.0,1.0,0.0,6.0,5.0,6.0,0.0
DB00239_docking_min1.mol2,-7.0,172,DB00239,ClC1=CC(Cl)=C(CO\N=C(/CN2C=CN=C2)C2=CC=C(Cl)C=C2Cl)C=C1,429.1340000000001,6.117800000000004,4.0,0.0,6.0,3.0,CHEMBL1262,40.0,nM,40.0,7.397940008672037,39.41,3.0,26.0,8.0,6.0,3.0,0.0,0.0,4.0,0.0
DB00348_docking_min1.mol2,-5.9,389,DB00348,[O-][N+](=O)C1=C(C=CC(=C1)C(F)(F)F)C(=O)C1C(=O)CCCC1=O,329.23000000000013,2.7346000000000004,5.0,0.0,3.0,1.0,CHEMBL1337,40.0,nM,40.0,7.397940008672037,94.35,2.0,23.0,9.0,3.0,1.0,1.0,1.0,5.0,0.0
DB01407_docking_min1.mol2,-6.1,353,DB01407,CC(C)(C)NCC(O)C1=CC(Cl)=C(N)C(Cl)=C1,277.195,2.9971000000000005,3.0,3.0,3.0,1.0,CHEMBL49080,41.0,nM,41.0,7.387216143280264,58.28,1.0,17.0,5.0,3.0,1.0,0.0,0.0,3.0,3.0
DB00500_docking_min1.mol2,-6.4,279,DB00500,CN1C(CC(O)=O)=CC=C1C(=O)C1=CC=C(C)C=C1,257.289,2.1916200000000003,3.0,1.0,4.0,2.0,CHEMBL1020,41.0,nM,41.0,7.387216143280264,59.300000000000004,2.0,19.0,4.0,4.0,2.0,0.0,0.0,3.0,1.0
DB01018_docking_min1.mol2,-7.3,127,DB01018,NC(=N)NC(=O)CC1=C(Cl)C=CC=C1Cl,246.097,1.5455700000000003,2.0,3.0,2.0,1.0,CHEMBL862,45.0,nM,45.0,7.346787486224656,78.97,1.0,15.0,6.0,2.0,1.0,0.0,0.0,2.0,3.0
DB00352_docking_min1.mol2,-6.1,345,DB00352,NC1=NC(=S)C2=C(N1)N=CN2,167.197,0.5976899999999998,4.0,3.0,0.0,2.0,CHEMBL727,49.27,nM,49.27,7.307417437725091,83.38,2.0,11.0,6.0,0.0,2.0,0.0,0.0,4.0,3.0
DB00982_docking_min1.mol2,-7.0,177,DB00982,C\C(\C=C\C1=C(C)CCCC1(C)C)=C/C=C/C(/C)=C\C(O)=O,300.44200000000006,5.602600000000005,1.0,1.0,5.0,0.0,CHEMBL547,49.4,nM,49.4,7.306273051076353,37.3,1.0,22.0,2.0,5.0,0.0,1.0,0.0,1.0,1.0
DB00758_docking_min1.mol2,-5.4,472,DB00758,[H][C@@](N1CCC2=C(C1)C=CS2)(C(=O)OC)C1=CC=CC=C1Cl,321.82899999999995,3.6739000000000015,4.0,0.0,3.0,2.0,CHEMBL1771,50.0,nM,50.0,7.301029995663981,29.540000000000003,3.0,21.0,5.0,3.0,2.0,1.0,0.0,4.0,0.0
DB00677_docking_min1.mol2,-4.2,553,DB00677,CC(C)OP(F)(=O)OC(C)C,184.147,2.914000000000001,3.0,0.0,4.0,0.0,CHEMBL1025,50.0,nM,50.0,7.301029995663981,35.53,0.0,11.0,5.0,4.0,0.0,0.0,0.0,3.0,0.0
DB09028_docking_min1.mol2,-7.0,184,DB09028,O=C1C=CC=C2[C@H]3CNC[C@H](C3)CN12,190.246,0.5549999999999999,3.0,1.0,0.0,1.0,CHEMBL497939,50.0,nM,50.0,7.301029995663981,34.03,3.0,14.0,3.0,0.0,1.0,2.0,1.0,3.0,1.0
DB05266_docking_min1.mol2,-6.3,315,DB05266,CC(C)C(=O)C1=C2C=CC=CN2N=C1C(C)C,230.311,3.296400000000002,3.0,0.0,3.0,2.0,CHEMBL19449,54.0,nM,54.0,7.267606240177032,34.370000000000005,2.0,17.0,3.0,3.0,2.0,0.0,0.0,3.0,0.0
DB00499_docking_min1.mol2,-7.0,176,DB00499,CC(C)C(=O)NC1=CC(=C(C=C1)[N+]([O-])=O)C(F)(F)F,276.21399999999994,3.2081000000000017,3.0,1.0,3.0,1.0,CHEMBL806,57.6,nM,57.6,7.239577516576788,72.24000000000001,1.0,19.0,8.0,3.0,1.0,0.0,0.0,3.0,1.0
DB00400_docking_min1.mol2,-5.7,423,DB00400,COC1=CC(OC)=C(Cl)C2=C1C(=O)[C@]1(O2)[C@H](C)CC(=O)C=C1OC,352.7700000000001,2.8103000000000016,6.0,0.0,3.0,1.0,CHEMBL562,58.0,nM,58.0,7.236572006437063,71.06,3.0,24.0,7.0,3.0,1.0,2.0,0.0,6.0,0.0
DB09019_docking_min1.mol2,-5.5,465,DB09019,CN(CC1=CC(Br)=CC(Br)=C1N)C1CCCCC1,376.13600000000025,4.558300000000004,2.0,1.0,3.0,1.0,CHEMBL253376,59.0,nM,59.0,7.229147988357855,29.259999999999998,2.0,18.0,4.0,3.0,1.0,1.0,1.0,2.0,1.0
DB06762_docking_min1.mol2,-5.3,489,DB06762,CC(N\C(NC#N)=N\C1=CC=NC=C1)C(C)(C)C,245.33,2.1639800000000005,3.0,2.0,2.0,1.0,CHEMBL1159,59.6,nM,59.6,7.2247537402597635,73.1,1.0,18.0,5.0,2.0,1.0,0.0,0.0,3.0,2.0
DB01288_docking_min1.mol2,-7.7,86,DB01288,CC(CC1=CC=C(O)C=C1)NCC(O)C1=CC(O)=CC(O)=C1,303.358,2.0576,5.0,5.0,6.0,2.0,CHEMBL32800,60.0,nM,60.0,7.221848749616356,92.95,2.0,22.0,5.0,6.0,2.0,0.0,0.0,5.0,5.0
DB01085_docking_min1.mol2,-5.9,395,DB01085,CC[C@H]1[C@@H](CC2=CN=CN2C)COC1=O,208.261,1.1618,4.0,0.0,3.0,1.0,CHEMBL550,67.0,nM,67.0,7.173925197299173,44.120000000000005,2.0,15.0,4.0,3.0,1.0,1.0,1.0,4.0,0.0
DB01132_docking_min1.mol2,-8.7,14,DB01132,CCC1=CN=C(CCOC2=CC=C(CC3SC(=O)NC3=O)C=C2)C=C1,356.44700000000006,3.159600000000001,5.0,1.0,7.0,2.0,CHEMBL595,70.0,nM,70.0,7.154901959985743,68.28999999999999,3.0,25.0,6.0,7.0,2.0,1.0,1.0,5.0,1.0
DB00448_docking_min1.mol2,-8.3,34,DB00448,CC1=C(OCC(F)(F)F)C=CN=C1CS(=O)C1=NC2=CC=CC=C2N1,369.3680000000001,3.515220000000001,4.0,1.0,5.0,3.0,CHEMBL480,73.1,nM,73.1,7.13608262304214,67.87,3.0,25.0,9.0,5.0,3.0,0.0,0.0,4.0,1.0
DB04942_docking_min1.mol2,-7.9,66,DB04942,CC1(C)CCC(C)(C)C2=C1C=CC(NC(=O)C1=CC=C(C=C1)C(O)=O)=C2,351.4460000000001,4.986100000000004,2.0,2.0,3.0,2.0,CHEMBL25202,78.0,nM,78.0,7.107905397309519,66.4,3.0,26.0,4.0,3.0,2.0,1.0,0.0,2.0,2.0
DB00531_docking_min1.mol2,-5.7,424,DB00531,ClCCN(CCCl)P1(=O)NCCCO1,261.089,1.884,2.0,1.0,5.0,0.0,CHEMBL88,90.0,nM,90.0,7.045757490560675,41.57000000000001,1.0,14.0,7.0,5.0,0.0,1.0,1.0,2.0,1.0
DB00657_docking_min1.mol2,-5.0,511,DB00657,CNC1(C)C2CCC(C2)C1(C)C,167.296,2.4206000000000003,1.0,1.0,1.0,0.0,CHEMBL267936,100.0,nM,100.0,7.0,12.03,2.0,12.0,1.0,1.0,0.0,2.0,2.0,1.0,1.0
DB00235_docking_min1.mol2,-6.3,301,DB00235,CC1=C(C=C(C#N)C(=O)N1)C1=CC=NC=C1,211.224,1.6169999999999998,3.0,1.0,1.0,2.0,CHEMBL189,100.0,nM,100.0,7.0,69.53999999999999,2.0,16.0,4.0,1.0,2.0,0.0,0.0,3.0,1.0
DB08974_docking_min1.mol2,-8.4,33,DB08974,COC(=O)NC1=NC2=C(N1)C=CC(=C2)C(=O)C1=CC=C(F)C=C1,313.288,3.111300000000001,4.0,2.0,3.0,3.0,CHEMBL1454946,125.0,nM,125.0,6.903089986991944,84.07999999999998,3.0,23.0,7.0,3.0,3.0,0.0,0.0,4.0,2.0
DB08908_docking_min1.mol2,-4.9,525,DB08908,[H]\C(=C(\[H])C(=O)OC)C(=O)OC,144.12599999999998,-0.1114000000000001,4.0,0.0,2.0,0.0,CHEMBL2107333,130.0,nM,130.0,6.886056647693163,52.60000000000001,0.0,10.0,4.0,2.0,0.0,0.0,0.0,4.0,0.0
DB01048_docking_min1.mol2,-8.1,47,DB01048,NC1=NC2=C(N=CN2[C@@H]2C[C@H](CO)C=C2)C(NC2CC2)=N1,286.33900000000006,1.0922999999999998,7.0,3.0,4.0,2.0,CHEMBL1380,130.0,nM,130.0,6.886056647693163,101.88,4.0,21.0,7.0,4.0,2.0,2.0,1.0,7.0,3.0
DB11327_docking_min1.mol2,-6.3,321,DB11327,[O-][N+]1=CC=CC=C1SSC1=CC=CC=[N+]1[O-],252.32,1.7527999999999997,4.0,0.0,3.0,2.0,CHEMBL549473,130.6,nM,130.6,6.884056823060945,53.879999999999995,2.0,16.0,6.0,3.0,2.0,0.0,0.0,4.0,0.0
DB05381_docking_min1.mol2,-4.5,542,DB05381,NCCC1=CNC=N1,111.14799999999998,-0.0891000000000003,2.0,2.0,2.0,1.0,CHEMBL90,158.49,nM,158.49,6.799998134593398,54.7,1.0,8.0,3.0,2.0,1.0,0.0,0.0,2.0,2.0
DB00962_docking_min1.mol2,-7.2,147,DB00962,CCN(C(C)=O)C1=CC=CC(=C1)C1=CC=NC2=C(C=NN12)C#N,305.341,2.6407800000000003,5.0,0.0,3.0,3.0,CHEMBL1521,167.0,nM,167.0,6.777283528852417,74.28999999999999,3.0,23.0,6.0,3.0,3.0,0.0,0.0,5.0,0.0
DB00341_docking_min1.mol2,-6.5,255,DB00341,OC(=O)COCCN1CCN(CC1)C(C1=CC=CC=C1)C1=CC=C(Cl)C=C1,388.8950000000001,3.148200000000002,4.0,1.0,8.0,2.0,CHEMBL1000,169.4,nM,169.4,6.771086594005312,53.010000000000005,3.0,27.0,6.0,8.0,2.0,1.0,1.0,4.0,1.0
DB06218_docking_min1.mol2,-6.9,202,DB06218,COC[C@@H](NC(C)=O)C(=O)NCC1=CC=CC=C1,250.298,0.4539000000000007,3.0,2.0,6.0,1.0,CHEMBL58323,182.0,nM,182.0,6.739928612014925,67.42999999999999,1.0,18.0,5.0,6.0,1.0,0.0,0.0,3.0,2.0
DB01188_docking_min1.mol2,-6.5,266,DB01188,CC1=CC(=O)N(O)C(=C1)C1CCCCC1,207.273,2.44172,3.0,1.0,1.0,1.0,CHEMBL1413,200.0,nM,200.0,6.698970004336019,42.230000000000004,2.0,15.0,3.0,1.0,1.0,1.0,1.0,3.0,1.0
DB00475_docking_min1.mol2,-5.9,391,DB00475,CNC1=NC2=C(C=C(Cl)C=C2)C(C2=CC=CC=C2)=[N+]([O-])C1,299.7610000000001,2.950700000000001,3.0,1.0,1.0,2.0,CHEMBL451,200.0,nM,200.0,6.698970004336019,50.459999999999994,3.0,21.0,5.0,1.0,2.0,1.0,0.0,3.0,1.0
DB00182_docking_min1.mol2,-5.5,451,DB00182,CC(N)CC1=CC=CC=C1,135.20999999999998,1.5763,1.0,1.0,2.0,1.0,CHEMBL405,200.0,nM,200.0,6.698970004336019,26.02,1.0,10.0,1.0,2.0,1.0,0.0,0.0,1.0,1.0
DB00882_docking_min1.mol2,-7.5,109,DB00882,CCN(CC)CCOC1=CC=C(C=C1)C(=C(Cl)C1=CC=CC=C1)C1=CC=CC=C1,405.9690000000001,6.562600000000007,2.0,0.0,9.0,3.0,CHEMBL2355051,219.0,nM,219.0,6.6595558851598815,12.47,3.0,29.0,3.0,9.0,3.0,0.0,0.0,2.0,0.0
DB09185_docking_min1.mol2,-5.5,466,DB09185,CCOC1=CC=CC=C1OCC1CNCCO1,237.29899999999992,1.4525,4.0,1.0,5.0,1.0,CHEMBL306700,220.0,nM,220.0,6.657577319177793,39.72,2.0,17.0,4.0,5.0,1.0,1.0,1.0,4.0,1.0
DB00793_docking_min1.mol2,-4.2,554,DB00793,ClC1=CC(Cl)=C(Cl)C=C1OCC#CI,361.393,4.421500000000001,1.0,0.0,2.0,1.0,CHEMBL1289,223.0,nM,223.0,6.651695136951839,9.23,1.0,14.0,5.0,2.0,1.0,0.0,0.0,1.0,0.0
DB12792_docking_min1.mol2,-6.2,340,DB12792,ClC1=CC=C(C=C1)C1=C(NC(=O)C2=C(Cl)N=CC=C2)C=CC=C1,343.213,5.307700000000003,2.0,1.0,3.0,3.0,CHEMBL1076544,245.0,nM,245.0,6.610833915635467,41.99,3.0,23.0,5.0,3.0,3.0,0.0,0.0,2.0,1.0
DB00731_docking_min1.mol2,-7.8,70,DB00731,CC(C)[C@H]1CC[C@@H](CC1)C(=O)N[C@H](CC1=CC=CC=C1)C(O)=O,317.4290000000001,3.260900000000001,2.0,2.0,6.0,1.0,CHEMBL783,251.46,nM,251.46,6.599531088782512,66.4,2.0,23.0,4.0,6.0,1.0,1.0,1.0,2.0,2.0
DB00735_docking_min1.mol2,-6.9,190,DB00735,CN(CC=CC1=CC=CC=C1)CC1=CC=CC2=CC=CC=C12,287.406,4.985000000000004,1.0,0.0,5.0,3.0,CHEMBL626,284.0,nM,284.0,6.546681659952962,3.24,3.0,22.0,1.0,5.0,3.0,0.0,0.0,1.0,0.0
DB04552_docking_min1.mol2,-7.7,87,DB04552,OC(=O)C1=C(NC2=CC=CC(=C2)C(F)(F)F)N=CC=C1,282.22099999999995,3.542200000000001,3.0,2.0,3.0,2.0,CHEMBL63323,289.0,nM,289.0,6.539102157243452,62.22,2.0,20.0,7.0,3.0,2.0,0.0,0.0,3.0,2.0
DB00605_docking_min1.mol2,-6.7,227,DB00605,CC1=C(CC(O)=O)C2=CC(F)=CC=C2\C1=C/C1=CC=C(C=C1)S(C)=O,356.41800000000006,4.365500000000004,2.0,1.0,4.0,2.0,CHEMBL15770,293.0,nM,293.0,6.533132379645891,54.37,3.0,25.0,5.0,4.0,2.0,1.0,0.0,2.0,1.0
DB00159_docking_min1.mol2,-5.9,386,DB00159,CC\C=C/C\C=C/C\C=C/C\C=C/C\C=C/CCCC(O)=O,302.458,5.9927000000000055,1.0,1.0,13.0,0.0,CHEMBL460026,300.0,nM,300.0,6.522878745280337,37.3,0.0,22.0,2.0,13.0,0.0,0.0,0.0,1.0,1.0
DB00911_docking_min1.mol2,-4.7,532,DB00911,CCS(=O)(=O)CCN1C(C)=NC=C1[N+]([O-])=O,247.276,0.5344199999999997,6.0,0.0,5.0,1.0,CHEMBL1220,300.0,nM,300.0,6.522878745280337,95.1,1.0,16.0,8.0,5.0,1.0,0.0,0.0,6.0,0.0
DB00924_docking_min1.mol2,-6.3,308,DB00924,CN(C)CCC=C1C2=CC=CC=C2C=CC2=CC=CC=C12,275.39500000000004,4.553800000000004,1.0,0.0,3.0,2.0,CHEMBL669,300.0,nM,300.0,6.522878745280337,3.24,3.0,21.0,1.0,3.0,2.0,1.0,0.0,1.0,0.0
DB05016_docking_min1.mol2,-7.8,75,DB05016,OC(=O)C1=CC=CC(=C1)C1=NOC(=N1)C1=CC=CC=C1F,284.246,3.2409000000000017,4.0,1.0,3.0,3.0,CHEMBL256997,300.9,nM,300.9,6.52157781225992,76.22,3.0,21.0,6.0,3.0,3.0,0.0,0.0,4.0,1.0
DB00985_docking_min1.mol2,-6.5,261,DB00985,CN1C2=C(N=C(Cl)N2)C(=O)N(C)C1=O.CN(C)CCOC(C1=CC=CC=C1)C1=CC=CC=C1,469.9730000000002,2.967900000000001,7.0,1.0,6.0,4.0,CHEMBL1200406,316.0,nM,316.0,6.5003129173815966,85.15,4.0,33.0,9.0,6.0,4.0,0.0,0.0,7.0,1.0
DB04861_docking_min1.mol2,-8.6,22,DB04861,OC(CNCC(O)C1CCC2=C(O1)C=CC(F)=C2)C1CCC2=C(O1)C=CC(F)=C2,405.44100000000014,2.3636,5.0,3.0,6.0,2.0,CHEMBL434394,316.23,nM,316.23,6.499996931948306,70.95,4.0,29.0,7.0,6.0,2.0,2.0,0.0,5.0,3.0
DB00973_docking_min1.mol2,-8.2,37,DB00973,[H][C@]1(CC[C@H](O)C2=CC=C(F)C=C2)C(=O)N(C2=CC=C(F)C=C2)[C@]1([H])C1=CC=C(O)C=C1,409.4320000000001,4.888300000000004,3.0,2.0,6.0,3.0,CHEMBL1138,370.0,nM,370.0,6.431798275933005,60.769999999999996,4.0,30.0,6.0,6.0,3.0,1.0,1.0,3.0,2.0
DB00193_docking_min1.mol2,-5.2,493,DB00193,COC1=CC=CC(=C1)[C@@]1(O)CCCC[C@@H]1CN(C)C,263.3809999999999,2.6346000000000007,3.0,1.0,4.0,1.0,CHEMBL1237044,372.0,nM,372.0,6.429457060118103,32.7,2.0,19.0,3.0,4.0,1.0,1.0,1.0,3.0,1.0
DB09245_docking_min1.mol2,-6.7,239,DB09245,CC1=CC(=CC=C1)N1CC(CO)OC1=O,207.229,1.31252,3.0,1.0,2.0,1.0,CHEMBL18116,380.19,nM,380.19,6.41999931041096,49.77,2.0,15.0,4.0,2.0,1.0,1.0,1.0,3.0,1.0
DB00127_docking_min1.mol2,-4.9,520,DB00127,NCCCNCCCCNCCCN,202.34599999999995,-0.3565999999999977,4.0,4.0,11.0,0.0,CHEMBL23194,390.0,nM,390.0,6.4089353929735005,76.1,0.0,14.0,4.0,11.0,0.0,0.0,0.0,4.0,4.0
DB01067_docking_min1.mol2,-9.0,7,DB01067,CC1=NC=C(N=C1)C(=O)NCCC1=CC=C(C=C1)S(=O)(=O)NC(=O)NC1CCCCC1,445.5450000000002,2.07812,6.0,3.0,7.0,2.0,CHEMBL1073,398.0,nM,398.0,6.400116927926312,130.15,3.0,31.0,10.0,7.0,2.0,1.0,1.0,6.0,3.0
DB00210_docking_min1.mol2,-9.2,2,DB00210,COC1=C(C=C(C=C1)C1=CC2=C(C=C1)C=C(C=C2)C(O)=O)C12CC3CC(CC(C3)C1)C2,412.5290000000003,6.681400000000005,2.0,1.0,4.0,3.0,CHEMBL1265,405.1,nM,405.1,6.392437756816412,46.53,7.0,31.0,3.0,4.0,3.0,4.0,4.0,2.0,1.0
DB11644_docking_min1.mol2,-7.3,139,DB11644,OC(=O)C1=CC=C2N=C(OC2=C1)C1=CC(Cl)=CC(Cl)=C1,308.12,4.499800000000001,3.0,1.0,2.0,3.0,CHEMBL2103837,410.0,nM,410.0,6.3872161432802645,63.33,3.0,20.0,6.0,2.0,3.0,0.0,0.0,3.0,1.0
DB01275_docking_min1.mol2,-7.4,120,DB01275,NNC1=NN=CC2=CC=CC=C12,160.17999999999998,0.9153999999999998,4.0,2.0,1.0,2.0,CHEMBL276832,420.0,nM,420.0,6.376750709602099,63.83,2.0,12.0,4.0,1.0,2.0,0.0,0.0,4.0,2.0
DB13960_docking_min1.mol2,-4.5,547,DB13960,OCC(Br)(CO)[N+]([O-])=O,199.988,-0.6611,4.0,2.0,3.0,0.0,CHEMBL1408862,420.0,nM,420.0,6.376750709602099,83.6,0.0,9.0,6.0,3.0,0.0,0.0,0.0,4.0,2.0
DB03843_docking_min1.mol2,-1.7,592,DB03843,[H]C([H])=O,30.026,-0.1849,1.0,0.0,0.0,0.0,CHEMBL1255,500.0,nM,500.0,6.301029995663981,17.07,0.0,2.0,1.0,0.0,0.0,0.0,0.0,1.0,0.0
DB01074_docking_min1.mol2,-5.5,457,DB01074,C(C(C1CCCCC1)C1CCCCC1)C1CCCCN1,277.4959999999999,5.295400000000005,1.0,1.0,4.0,0.0,CHEMBL75880,510.6,nM,510.6,6.291919189531768,12.03,3.0,20.0,1.0,4.0,0.0,3.0,3.0,1.0,1.0
DB01191_docking_min1.mol2,-6.2,331,DB01191,CCN[C@@H](C)CC1=CC=CC(=C1)C(F)(F)F,231.261,3.2459000000000024,1.0,1.0,4.0,1.0,CHEMBL248702,516.0,nM,516.0,6.287350298372789,12.03,1.0,16.0,4.0,4.0,1.0,0.0,0.0,1.0,1.0
DB12401_docking_min1.mol2,-8.2,42,DB12401,OC1(CCN(CCCC(=O)C2=CC=C(F)C=C2)CC1)C1=CC=C(Br)C=C1,420.32200000000006,4.534700000000004,3.0,1.0,6.0,2.0,CHEMBL28218,520.0,nM,520.0,6.2839966563652006,40.54,3.0,26.0,5.0,6.0,2.0,1.0,1.0,3.0,1.0
DB06742_docking_min1.mol2,-6.8,221,DB06742,NC1=C(Br)C=C(Br)C=C1CN[C@H]1CC[C@H](O)CC1,378.1080000000002,3.1869000000000014,3.0,3.0,3.0,1.0,CHEMBL153479,557.4,nM,557.4,6.253833035622715,58.28,2.0,18.0,5.0,3.0,1.0,1.0,1.0,3.0,3.0
DB09225_docking_min1.mol2,-5.8,421,DB09225,CN(C)CCOC1=CC2=CC=CC=C2SC2=CC=C(Cl)C=C12,331.8680000000001,4.880900000000004,3.0,0.0,4.0,2.0,CHEMBL285802,602.4,nM,602.4,6.220115036807356,12.47,3.0,22.0,4.0,4.0,2.0,1.0,0.0,3.0,0.0
DB01221_docking_min1.mol2,-7.5,115,DB01221,CNC1(CCCCC1=O)C1=CC=CC=C1Cl,237.73,2.897800000000001,2.0,1.0,2.0,1.0,CHEMBL742,610.0,nM,610.0,6.214670164989233,29.1,2.0,16.0,3.0,2.0,1.0,1.0,1.0,2.0,1.0
DB06210_docking_min1.mol2,-8.1,49,DB06210,CC1=NN(C(=O)\C1=N/NC1=CC=CC(C2=CC=CC(=C2)C(O)=O)=C1O)C1=CC=C(C)C(C)=C1,442.47500000000025,4.564840000000003,6.0,3.0,5.0,3.0,CHEMBL461101,630.96,nM,630.96,6.199998172182031,114.59000000000002,4.0,33.0,8.0,5.0,3.0,1.0,0.0,6.0,3.0
DB00310_docking_min1.mol2,-6.8,211,DB00310,NS(=O)(=O)C1=C(Cl)C=CC(=C1)C1(O)NC(=O)C2=CC=CC=C12,338.7720000000001,0.9242000000000002,4.0,3.0,2.0,2.0,CHEMBL1055,677.0,nM,677.0,6.169411331314856,109.49000000000001,3.0,22.0,8.0,2.0,2.0,1.0,0.0,4.0,3.0
DB08811_docking_min1.mol2,-5.8,416,DB08811,CCC1C2=CC(OC)=C(OC)C=C2C(=NN=C1C)C1=CC(OC)=C(OC)C=C1,382.46000000000015,4.441500000000004,6.0,0.0,6.0,2.0,CHEMBL404216,680.0,nM,680.0,6.167491087293763,61.64,3.0,28.0,6.0,6.0,2.0,1.0,0.0,6.0,0.0
DB00648_docking_min1.mol2,-5.6,439,DB00648,ClC(Cl)C(C1=CC=C(Cl)C=C1)C1=CC=CC=C1Cl,320.04600000000005,5.929000000000003,0.0,0.0,3.0,2.0,CHEMBL1670,819.0,nM,819.0,6.086716098239582,0.0,2.0,18.0,4.0,3.0,2.0,0.0,0.0,0.0,0.0
DB01025_docking_min1.mol2,-7.8,72,DB01025,CC(C)C1=CC2=C(OC3=NC(N)=C(C=C3C2=O)C(O)=O)C=C1,298.29799999999994,2.745000000000001,5.0,2.0,2.0,3.0,CHEMBL1096,850.0,nM,850.0,6.070581074285707,106.42000000000002,3.0,22.0,6.0,2.0,3.0,0.0,0.0,5.0,2.0
DB00861_docking_min1.mol2,-7.8,71,DB00861,OC(=O)C1=C(O)C=CC(=C1)C1=C(F)C=C(F)C=C1,250.2,3.0356000000000014,2.0,2.0,2.0,2.0,CHEMBL898,850.0,nM,850.0,6.070581074285707,57.53,2.0,18.0,5.0,2.0,2.0,0.0,0.0,2.0,2.0
DB00252_docking_min1.mol2,-6.4,276,DB00252,O=C1NC(=O)C(N1)(C1=CC=CC=C1)C1=CC=CC=C1,252.273,1.7695999999999998,2.0,2.0,2.0,2.0,CHEMBL16,860.0,nM,860.0,6.0655015487564325,58.2,3.0,19.0,4.0,2.0,2.0,1.0,1.0,2.0,2.0
DB09020_docking_min1.mol2,-7.3,136,DB09020,CC(=O)OC1=CC=C(C=C1)C(C1=CC=C(OC(C)=O)C=C1)C1=CC=CC=N1,361.3970000000001,4.112400000000003,5.0,0.0,5.0,3.0,CHEMBL942,908.43,nM,908.43,6.041708532070838,65.49000000000001,3.0,27.0,5.0,5.0,3.0,0.0,0.0,5.0,0.0
DB06623_docking_min1.mol2,-7.6,100,DB06623,CCOC(=O)NC1=C(N)N=C(NCC2=CC=C(F)C=C2)C=C1,304.325,2.9834000000000014,5.0,3.0,5.0,2.0,CHEMBL255044,933.25,nM,933.25,6.030002001401658,89.27,2.0,22.0,7.0,5.0,2.0,0.0,0.0,5.0,3.0
DB00406_docking_min1.mol2,-7.3,126,DB00406,CN(C)C1=CC=C(C=C1)C(C1=CC=C(C=C1)N(C)C)=C1C=CC(C=C1)=[N+](C)C,372.53600000000006,4.459600000000004,2.0,0.0,4.0,2.0,CHEMBL459265,953.2,nM,953.2,6.020815966325581,9.49,3.0,28.0,3.0,4.0,2.0,1.0,0.0,2.0,0.0
DB00600_docking_min1.mol2,-6.4,281,DB00600,OC1=CC=C(OCC2=CC=CC=C2)C=C1,200.237,2.9712000000000014,2.0,1.0,3.0,2.0,CHEMBL1388,988.8,nM,988.8,6.004891542255259,29.46,2.0,15.0,2.0,3.0,2.0,0.0,0.0,2.0,1.0
DB00461_docking_min1.mol2,-7.0,174,DB00461,COC1=CC2=C(C=C1)C=C(CCC(C)=O)C=C2,228.291,3.370000000000002,2.0,0.0,4.0,2.0,CHEMBL1070,998.0,nM,998.0,6.000869458712629,26.3,2.0,17.0,2.0,4.0,2.0,0.0,0.0,2.0,0.0
DB01039_docking_min1.mol2,-7.4,119,DB01039,CC(C)OC(=O)C(C)(C)OC1=CC=C(C=C1)C(=O)C1=CC=C(Cl)C=C1,360.837,4.680000000000004,4.0,0.0,6.0,2.0,CHEMBL672,1000.0,nM,1000.0,6.0,52.6,2.0,25.0,5.0,6.0,2.0,0.0,0.0,4.0,0.0
DB00903_docking_min1.mol2,-5.4,475,DB00903,CCC(=C)C(=O)C1=C(Cl)C(Cl)=C(OCC(O)=O)C=C1,303.141,3.6057000000000015,3.0,1.0,6.0,1.0,CHEMBL456,1000.0,nM,1000.0,6.0,63.6,1.0,19.0,6.0,6.0,1.0,0.0,0.0,3.0,1.0
DB06782_docking_min1.mol2,-3.3,575,DB06782,OCC(S)CS,124.23,0.2069,3.0,3.0,2.0,0.0,CHEMBL1597,1000.0,nM,1000.0,6.0,20.23,0.0,6.0,3.0,2.0,0.0,0.0,0.0,3.0,3.0
DB09220_docking_min1.mol2,-6.7,238,DB09220,[O-][N+](=O)OCCNC(=O)C1=CC=CN=C1,211.177,0.0196999999999994,5.0,1.0,5.0,1.0,CHEMBL284906,1100.0,nM,1100.0,5.958607314841775,94.36,1.0,15.0,7.0,5.0,1.0,0.0,0.0,5.0,1.0
DB00379_docking_min1.mol2,-6.3,302,DB00379,CC(N)COC1=C(C)C=CC=C1C,179.26299999999998,2.02944,2.0,1.0,3.0,1.0,CHEMBL558,1138.0,nM,1138.0,5.943857737940948,35.25,1.0,13.0,2.0,3.0,1.0,0.0,0.0,2.0,1.0
DB13853_docking_min1.mol2,-5.5,468,DB13853,COC1=CC=C(C=C1)C1=CC(=S)SS1,240.374,4.214690000000001,4.0,0.0,2.0,2.0,CHEMBL178862,1200.0,nM,1200.0,5.920818753952375,9.23,2.0,14.0,4.0,2.0,2.0,0.0,0.0,4.0,0.0
DB09227_docking_min1.mol2,-6.6,251,DB09227,COC(=O)C1=C(C)NC(C)=C([C@H]1C1=CC(=CC=C1)[N+]([O-])=O)C(=O)O[C@H]1CCN(CC2=CC=CC=C2)C1,491.5440000000004,3.820300000000003,8.0,1.0,7.0,2.0,CHEMBL2103761,1200.0,nM,1200.0,5.920818753952375,111.00999999999999,4.0,36.0,9.0,7.0,2.0,2.0,1.0,8.0,1.0
DB04572_docking_min1.mol2,-4.7,533,DB04572,S=P(N1CC1)(N1CC1)N1CC1,189.224,0.1577000000000001,1.0,0.0,3.0,0.0,CHEMBL671,1400.0,nM,1400.0,5.853871964321762,9.03,3.0,11.0,5.0,3.0,0.0,3.0,3.0,1.0,0.0
DB00280_docking_min1.mol2,-6.0,363,DB00280,CC(C)N(CCC(C(N)=O)(C1=CC=CC=C1)C1=NC=CC=C1)C(C)C,339.4830000000001,3.361900000000002,3.0,1.0,8.0,2.0,CHEMBL517,1500.0,nM,1500.0,5.823908740944319,59.22,2.0,25.0,4.0,8.0,2.0,0.0,0.0,3.0,1.0
DB00122_docking_min1.mol2,-3.8,565,DB00122,C[N+](C)(C)CCO,104.173,-0.3150999999999999,1.0,1.0,2.0,0.0,CHEMBL920,1600.0,nM,1600.0,5.795880017344075,20.23,0.0,7.0,2.0,2.0,0.0,0.0,0.0,1.0,1.0
DB06209_docking_min1.mol2,-6.2,335,DB06209,CC(=O)OC1=CC2=C(CCN(C2)C(C(=O)C2CC2)C2=CC=CC=C2F)S1,373.449,3.891000000000004,5.0,0.0,5.0,2.0,CHEMBL1201772,1800.0,nM,1800.0,5.7447274948966935,46.61,4.0,26.0,6.0,5.0,2.0,2.0,1.0,5.0,0.0
DB00745_docking_min1.mol2,-5.8,407,DB00745,NC(=O)CS(=O)C(C1=CC=CC=C1)C1=CC=CC=C1,273.357,2.01,2.0,1.0,5.0,2.0,CHEMBL1373,1832.0,nM,1832.0,5.737074530668169,60.160000000000004,2.0,19.0,4.0,5.0,2.0,0.0,0.0,2.0,1.0
DB06807_docking_min1.mol2,-7.7,91,DB06807,NC1=CC(O)=C(C=C1)C(=O)OC1=CC=CC=C1,229.235,2.1936,4.0,2.0,2.0,2.0,CHEMBL1200868,1857.0,nM,1857.0,5.73118809626022,72.55,2.0,17.0,4.0,2.0,2.0,0.0,0.0,4.0,2.0
DB00909_docking_min1.mol2,-6.8,215,DB00909,NS(=O)(=O)CC1=NOC2=CC=CC=C12,212.23,0.6163,4.0,1.0,2.0,2.0,CHEMBL750,1860.0,nM,1860.0,5.730487055782084,86.19000000000001,2.0,14.0,6.0,2.0,2.0,0.0,0.0,4.0,1.0
DB01143_docking_min1.mol2,-5.2,497,DB01143,NCCCNCCSP(O)(O)=O,214.227,-0.2492999999999999,4.0,4.0,7.0,0.0,CHEMBL1006,1929.0,nM,1929.0,5.7146677723561154,95.58000000000001,0.0,12.0,7.0,7.0,0.0,0.0,0.0,4.0,4.0
DB06751_docking_min1.mol2,-5.5,464,DB06751,CCOC1=C(OCC)C=C(\C=C2/NCCC3=CC(OCC)=C(OCC)C=C23)C=C1,397.5150000000002,4.925200000000005,5.0,1.0,9.0,2.0,CHEMBL551978,1940.0,nM,1940.0,5.7121982700697735,48.95,3.0,29.0,5.0,9.0,2.0,1.0,0.0,5.0,1.0
DB00525_docking_min1.mol2,-7.2,144,DB00525,CN(C(=S)OC1=CC2=CC=CC=C2C=C1)C1=CC=CC(C)=C1,307.41800000000006,4.948320000000004,2.0,0.0,2.0,3.0,CHEMBL83668,2007.0,nM,2007.0,5.697452627512514,12.47,3.0,22.0,3.0,2.0,3.0,0.0,0.0,2.0,0.0
DB11560_docking_min1.mol2,-6.1,359,DB11560,OC(=O)CSC1=NN=C(Br)N1C1=CC=C(C2CC2)C2=C1C=CC=C2,404.28900000000016,4.2371000000000025,5.0,1.0,5.0,3.0,CHEMBL2105720,2030.0,nM,2030.0,5.692503962086787,68.00999999999999,4.0,24.0,7.0,5.0,3.0,1.0,1.0,5.0,1.0
DB00150_docking_min1.mol2,-6.9,187,DB00150,N[C@@H](CC1=CNC2=C1C=CC=C2)C(O)=O,204.229,1.1223,2.0,3.0,3.0,2.0,CHEMBL54976,2250.0,nM,2250.0,5.647817481888637,79.11000000000001,2.0,15.0,4.0,3.0,2.0,0.0,0.0,2.0,3.0
DB12532_docking_min1.mol2,-6.4,299,DB12532,CN(C(=O)CN(CCO)CC(=O)N(C)C(C)(C)CC1=CC=CC=C1)C(C)(C)CC1=CC=CC=C1,467.6540000000002,3.2401000000000018,4.0,1.0,12.0,2.0,CHEMBL127592,2300.0,nM,2300.0,5.638272163982407,64.09,2.0,34.0,6.0,12.0,2.0,0.0,0.0,4.0,1.0
DB04880_docking_min1.mol2,-6.5,267,DB04880,CSC1=CC=C(C=C1)C(=O)C1=C(C)NC(=O)N1,248.307,1.96432,3.0,2.0,3.0,2.0,CHEMBL249856,2700.0,nM,2700.0,5.568636235841013,65.72,2.0,17.0,5.0,3.0,2.0,0.0,0.0,3.0,2.0
DB00302_docking_min1.mol2,-6.0,365,DB00302,NC[C@H]1CC[C@@H](CC1)C(O)=O,157.213,0.8361000000000001,2.0,2.0,2.0,0.0,CHEMBL877,2750.0,nM,2750.0,5.560667306169737,63.32,1.0,11.0,3.0,2.0,0.0,1.0,1.0,2.0,2.0
DB01160_docking_min1.mol2,-5.6,442,DB01160,NC(CO)(CO)CO.CCCCC[C@H](O)\C=C\[C@H]1[C@H](O)C[C@H](O)[C@@H]1C\C=C/CCCC(O)=O,475.6230000000003,0.7037000000000002,8.0,8.0,15.0,0.0,CHEMBL1200896,2771.7,nM,2771.7,5.557253778171095,184.7,1.0,33.0,9.0,15.0,0.0,1.0,1.0,8.0,8.0
DB00356_docking_min1.mol2,-5.9,390,DB00356,ClC1=CC2=C(OC(=O)N2)C=C1,169.567,1.7745,2.0,1.0,0.0,2.0,CHEMBL1371,2794.0,nM,2794.0,5.553773598221837,46.0,2.0,11.0,4.0,0.0,2.0,0.0,0.0,2.0,1.0
DB00550_docking_min1.mol2,-5.6,438,DB00550,CCCC1=CC(=O)NC(=S)N1,170.237,1.38499,2.0,2.0,2.0,1.0,CHEMBL1518,2810.0,nM,2810.0,5.55129368009492,48.65,1.0,11.0,4.0,2.0,1.0,0.0,0.0,2.0,2.0
DB00892_docking_min1.mol2,-6.6,245,DB00892,CCCCOC1=CC(=CC=C1N)C(=O)OCCN(CC)CC,308.4220000000001,2.9463000000000017,5.0,1.0,10.0,1.0,CHEMBL1200,2900.0,nM,2900.0,5.537602002101044,64.78999999999999,1.0,22.0,5.0,10.0,1.0,0.0,0.0,5.0,1.0
DB00752_docking_min1.mol2,-5.1,508,DB00752,NC1CC1C1=CC=CC=C1,133.194,1.5012,1.0,1.0,1.0,1.0,CHEMBL313833,2950.0,nM,2950.0,5.530177984021837,26.02,2.0,10.0,1.0,1.0,1.0,1.0,1.0,1.0,1.0
DB08834_docking_min1.mol2,-6.9,203,DB08834,[H][C@@]12CC[C@H]([C@H](C)CCC(=O)NCCS(O)(=O)=O)[C@@]1(C)CC[C@@]1([H])[C@@]2([H])[C@@H](O)C[C@]2([H])C[C@H](O)CC[C@]12C,499.7140000000004,3.3973000000000013,5.0,4.0,7.0,0.0,CHEMBL272427,3000.0,nM,3000.0,5.522878745280337,123.93,4.0,34.0,8.0,7.0,0.0,4.0,4.0,5.0,4.0
DB09350_docking_min1.mol2,-6.5,272,DB09350,CCCCOCCOCCOCC1=CC2=C(OCO2)C=C1CCC,338.4440000000001,3.7177000000000016,5.0,0.0,13.0,1.0,CHEMBL1201131,3000.0,nM,3000.0,5.522878745280337,46.150000000000006,2.0,24.0,5.0,13.0,1.0,1.0,0.0,5.0,0.0
DB01032_docking_min1.mol2,-5.8,410,DB01032,CCCN(CCC)S(=O)(=O)C1=CC=C(C=C1)C(O)=O,285.365,2.1955,3.0,1.0,7.0,1.0,CHEMBL897,3020.0,nM,3020.0,5.519993057042849,74.68,1.0,19.0,6.0,7.0,1.0,0.0,0.0,3.0,1.0
DB01079_docking_min1.mol2,-6.5,264,DB01079,CCCCCNC(=N)N\N=C\C1=CNC2=C1C=C(OC)C=C2,301.39400000000006,2.8145700000000007,3.0,4.0,7.0,2.0,CHEMBL76370,3131.8,nM,3131.8,5.504205980225132,85.29,2.0,22.0,6.0,7.0,2.0,0.0,0.0,3.0,4.0
DB01624_docking_min1.mol2,-6.9,199,DB01624,OCCN1CCN(CC\C=C2\C3=C(SC4=C2C=C(Cl)C=C4)C=CC=C3)CC1,400.97500000000014,4.236300000000004,4.0,1.0,5.0,2.0,CHEMBL53904,3377.0,nM,3377.0,5.471468939364589,26.71,4.0,27.0,5.0,5.0,2.0,2.0,1.0,4.0,1.0
DB01196_docking_min1.mol2,-6.1,350,DB01196,[H][C@@]12CC[C@H](O)[C@@]1(C)CC[C@]1([H])C3=CC=C(OC(=O)N(CCCl)CCCl)C=C3CC[C@@]21[H],440.4110000000002,5.182000000000005,3.0,1.0,5.0,1.0,CHEMBL1575,3400.0,nM,3400.0,5.468521082957745,49.77,4.0,29.0,6.0,5.0,1.0,3.0,2.0,3.0,1.0
DB00190_docking_min1.mol2,-7.5,104,DB00190,C[C@@](CC1=CC(O)=C(O)C=C1)(NN)C(O)=O,226.232,-0.0531000000000001,5.0,5.0,4.0,1.0,CHEMBL1201236,3550.0,nM,3550.0,5.449771646944906,115.81,1.0,16.0,6.0,4.0,1.0,0.0,0.0,5.0,5.0
DB01055_docking_min1.mol2,-6.5,263,DB01055,N[C@@H](CN1C=CC(=O)C(O)=C1)C(O)=O,198.178,-1.0342000000000002,5.0,3.0,3.0,1.0,CHEMBL245416,3680.0,nM,3680.0,5.434152181326482,105.55000000000001,1.0,14.0,6.0,3.0,1.0,0.0,0.0,5.0,3.0
DB04938_docking_min1.mol2,-6.1,355,DB04938,OCCOC1=CC=C(C=C1)C(=C(\CCCl)C1=CC=CC=C1)\C1=CC=CC=C1,378.899,5.645700000000005,2.0,1.0,8.0,3.0,CHEMBL2105395,3800.0,nM,3800.0,5.42021640338319,29.46,3.0,27.0,3.0,8.0,3.0,0.0,0.0,2.0,1.0
DB08981_docking_min1.mol2,-7.6,102,DB08981,OC(=O)CCC(=O)C1=CC=C(C=C1)C1=CC=CC=C1,254.28500000000005,3.4011000000000022,2.0,1.0,5.0,2.0,CHEMBL277522,3900.0,nM,3900.0,5.4089353929735005,54.37,2.0,19.0,3.0,5.0,2.0,0.0,0.0,2.0,1.0
DB00609_docking_min1.mol2,-5.2,495,DB00609,CCC1=NC=CC(=C1)C(N)=S,166.24899999999997,1.2782,2.0,1.0,2.0,1.0,CHEMBL1441,4000.0,nM,4000.0,5.3979400086720375,38.91,1.0,11.0,3.0,2.0,1.0,0.0,0.0,2.0,1.0
DB00848_docking_min1.mol2,-5.3,486,DB00848,C1CN2C[C@@H](N=C2S1)C1=CC=CC=C1,204.298,2.1461,3.0,0.0,1.0,1.0,CHEMBL1454,4392.0,nM,4392.0,5.357337668557965,15.6,3.0,14.0,3.0,1.0,1.0,2.0,1.0,3.0,0.0
DB12667_docking_min1.mol2,-5.7,435,DB12667,CCCC1=CC(=CC=N1)C(N)=S,180.276,1.6683,2.0,1.0,3.0,1.0,CHEMBL1378024,4500.0,nM,4500.0,5.346787486224656,38.91,1.0,12.0,3.0,3.0,1.0,0.0,0.0,2.0,1.0
DB01427_docking_min1.mol2,-6.1,354,DB01427,NC1=CC(=CNC1=O)C1=CC=NC=C1,187.20200000000003,1.0191,3.0,2.0,1.0,2.0,CHEMBL12856,4800.0,nM,4800.0,5.318758762624412,71.77000000000001,2.0,14.0,4.0,1.0,2.0,0.0,0.0,3.0,2.0
DB04967_docking_min1.mol2,-6.9,201,DB04967,CCN(CC)CCNC1=C2C(=O)C3=CC=CC=C3SC2=C(C)C=C1,340.4920000000001,4.476820000000004,4.0,1.0,6.0,3.0,CHEMBL279014,5000.0,nM,5000.0,5.301029995663981,32.34,3.0,24.0,4.0,6.0,3.0,0.0,0.0,4.0,1.0
DB00905_docking_min1.mol2,-6.0,372,DB00905,CCNC(=O)CCC\C=C/C[C@H]1[C@@H](O)C[C@@H](O)[C@@H]1\C=C\[C@@H](O)CCC1=CC=CC=C1,415.5740000000001,3.1469000000000014,4.0,4.0,12.0,1.0,CHEMBL1200963,5000.0,nM,5000.0,5.301029995663981,89.79,2.0,30.0,5.0,12.0,1.0,1.0,1.0,4.0,4.0
DB01008_docking_min1.mol2,-5.0,512,DB01008,CS(=O)(=O)OCCCCOS(C)(=O)=O,246.306,-0.2809999999999997,6.0,0.0,7.0,0.0,CHEMBL820,5215.0,nM,5215.0,5.28274568723745,86.74000000000001,0.0,14.0,8.0,7.0,0.0,0.0,0.0,6.0,0.0
DB00763_docking_min1.mol2,-3.9,560,DB00763,CN1C=CNC1=S,114.173,1.08269,2.0,1.0,0.0,1.0,CHEMBL1515,5600.0,nM,5600.0,5.251811972993799,20.72,1.0,7.0,3.0,0.0,1.0,0.0,0.0,2.0,1.0
DB01623_docking_min1.mol2,-6.6,248,DB01623,CN(C)S(=O)(=O)C1=CC2=C(SC3=CC=CC=C3\C2=C\CCN2CCN(C)CC2)C=C1,443.6380000000004,3.4707000000000026,5.0,0.0,5.0,2.0,CHEMBL1201,5750.0,nM,5750.0,5.2403321553103694,43.86000000000001,4.0,30.0,7.0,5.0,2.0,2.0,1.0,5.0,0.0
DB00757_docking_min1.mol2,-8.1,44,DB00757,[H][C@@]1(C[C@@]2([H])C[C@]3([H])C[C@@]([H])(C1)N2CC3=O)OC(=O)C1=CNC2=C1C=CC=C2,324.38000000000005,2.519000000000001,4.0,1.0,2.0,2.0,CHEMBL2368925,5950.0,nM,5950.0,5.22548303427145,62.4,6.0,24.0,5.0,2.0,2.0,4.0,4.0,4.0,1.0
DB09488_docking_min1.mol2,-6.9,207,DB09488,[H]\C(CN1CCCC1)=C(\C1=CC=C(C)C=C1)C1=CC=CC(=N1)C(\[H])=C(/[H])C(O)=O,348.4460000000001,4.015320000000003,3.0,1.0,6.0,2.0,CHEMBL1224,6120.0,nM,6120.0,5.213248577854439,53.43,3.0,26.0,4.0,6.0,2.0,1.0,1.0,3.0,1.0
DB09212_docking_min1.mol2,-7.6,103,DB09212,CC(C(O)=O)C1=CC=C(CC2CCCC2=O)C=C1,246.30599999999995,2.7864000000000013,2.0,1.0,4.0,1.0,CHEMBL19299,6500.0,nM,6500.0,5.187086643357144,54.37,2.0,18.0,3.0,4.0,1.0,1.0,1.0,2.0,1.0
DB00806_docking_min1.mol2,-7.7,82,DB00806,CN1C=NC2=C1C(=O)N(CCCCC(C)=O)C(=O)N2C,278.31199999999995,0.1929999999999996,7.0,0.0,5.0,2.0,CHEMBL628,6600.0,nM,6600.0,5.180456064458132,78.89000000000001,2.0,20.0,7.0,5.0,2.0,0.0,0.0,7.0,0.0
DB09084_docking_min1.mol2,-6.4,295,DB09084,CN(C)CCCOC1=NN(CC2=CC=CC=C2)C2=CC=CC=C12,309.413,3.4151000000000016,4.0,0.0,7.0,3.0,CHEMBL12610,6670.0,nM,6670.0,5.175874166083451,30.29,3.0,23.0,4.0,7.0,3.0,0.0,0.0,4.0,0.0
DB00473_docking_min1.mol2,-7.0,175,DB00473,CC(CNC1CCCCC1)OC(=O)C1=CC=CC=C1,261.365,3.154200000000002,3.0,1.0,5.0,1.0,CHEMBL1197,7000.0,nM,7000.0,5.154901959985743,38.33,2.0,19.0,3.0,5.0,1.0,1.0,1.0,3.0,1.0
DB01116_docking_min1.mol2,-6.8,217,DB01116,O=C1N(CC2=CC=CC=C2)C2C[S+]3CCCC3C2N1CC1=CC=CC=C1,365.5220000000001,3.6559000000000026,1.0,0.0,4.0,2.0,CHEMBL1201329,7070.0,nM,7070.0,5.150580586203101,23.550000000000004,5.0,26.0,4.0,4.0,2.0,3.0,3.0,1.0,0.0
DB01133_docking_min1.mol2,-5.5,461,DB01133,OP(O)(=O)C(SC1=CC=C(Cl)C=C1)P(O)(O)=O,318.61100000000005,2.0711000000000013,3.0,4.0,4.0,1.0,CHEMBL1350,7200.0,nM,7200.0,5.142667503568732,115.06,1.0,17.0,10.0,4.0,1.0,0.0,0.0,3.0,4.0
DB06824_docking_min1.mol2,-4.5,545,DB06824,NCCNCCNCCN,146.238,-1.916999999999998,4.0,4.0,7.0,0.0,CHEMBL609,7800.0,nM,7800.0,5.107905397309519,76.1,0.0,10.0,4.0,7.0,0.0,0.0,0.0,4.0,4.0
DB00345_docking_min1.mol2,-6.9,188,DB00345,NC1=CC=C(C=C1)C(=O)NCC(O)=O,194.19,0.0831999999999997,3.0,3.0,3.0,1.0,CHEMBL463,8800.0,nM,8800.0,5.055517327849832,92.42000000000002,1.0,14.0,5.0,3.0,1.0,0.0,0.0,3.0,3.0
DB01125_docking_min1.mol2,-7.5,113,DB01125,COC1=CC=C(C=C1)C1C(=O)C2=CC=CC=C2C1=O,252.269,2.8580000000000005,3.0,0.0,2.0,2.0,CHEMBL712,9100.0,nM,9100.0,5.040958607678906,43.370000000000005,3.0,19.0,3.0,2.0,2.0,1.0,0.0,3.0,0.0
DB13873_docking_min1.mol2,-7.4,123,DB13873,CC(C)(OC1=CC=C(C=C1)C(=O)C1=CC=C(Cl)C=C1)C(O)=O,318.75600000000003,3.8130000000000033,3.0,1.0,5.0,2.0,CHEMBL981,10000.0,nM,10000.0,5.0,63.6,2.0,22.0,5.0,5.0,2.0,0.0,0.0,3.0,1.0
DB11336_docking_min1.mol2,-7.2,153,DB11336,C(NC1=NC=NC2=C1NC=N2)C1=CC=CO1,215.216,1.5579999999999998,5.0,2.0,3.0,3.0,CHEMBL228792,10000.0,nM,10000.0,5.0,79.63000000000001,3.0,16.0,6.0,3.0,3.0,0.0,0.0,5.0,2.0
DB05271_docking_min1.mol2,-5.2,499,DB05271,CCCN(CCC1=CC=CS1)[C@H]1CCC2=C(O)C=CC=C2C1,315.482,4.265700000000003,3.0,1.0,6.0,2.0,CHEMBL1303,10000.0,nM,10000.0,5.0,23.47,3.0,22.0,3.0,6.0,2.0,1.0,0.0,3.0,1.0
DB00114_docking_min1.mol2,-6.7,225,DB00114,CC1=NC=C(COP(O)(O)=O)C(C=O)=C1O,247.143,0.5174199999999998,5.0,3.0,4.0,1.0,CHEMBL82202,10000.0,nM,10000.0,5.0,116.95,1.0,16.0,8.0,4.0,1.0,0.0,0.0,5.0,3.0
DB01138_docking_min1.mol2,-6.9,196,DB01138,O=C1C(CCS(=O)C2=CC=CC=C2)C(=O)N(N1C1=CC=CC=C1)C1=CC=CC=C1,404.4910000000001,3.795500000000003,3.0,0.0,6.0,3.0,CHEMBL832,10000.0,nM,10000.0,5.0,57.690000000000005,4.0,29.0,6.0,6.0,3.0,1.0,1.0,3.0,0.0
DB00564_docking_min1.mol2,-8.6,20,DB00564,NC(=O)N1C2=CC=CC=C2C=CC2=CC=CC=C12,236.274,3.3872000000000018,1.0,1.0,0.0,2.0,CHEMBL108,10000.0,nM,10000.0,5.0,46.330000000000005,3.0,18.0,3.0,0.0,2.0,1.0,0.0,1.0,1.0
DB00847_docking_min1.mol2,-2.8,582,DB00847,NCCS,77.15199999999999,-0.1250999999999998,2.0,2.0,1.0,0.0,CHEMBL602,10000.0,nM,10000.0,5.0,26.02,0.0,4.0,2.0,1.0,0.0,0.0,0.0,2.0,2.0
DB00125_docking_min1.mol2,-6.1,343,DB00125,N[C@@H](CCCNC(N)=N)C(O)=O,174.204,-1.338429999999999,3.0,5.0,5.0,0.0,CHEMBL1485,10000.0,nM,10000.0,5.0,125.22,0.0,12.0,6.0,5.0,0.0,0.0,0.0,3.0,5.0
DB00350_docking_min1.mol2,-7.3,125,DB00350,NC1=CC(=NC(N)=[N+]1[O-])N1CCCCC1,209.253,-0.1303000000000003,5.0,2.0,1.0,1.0,CHEMBL802,10000.0,nM,10000.0,5.0,95.10999999999999,2.0,15.0,6.0,1.0,1.0,1.0,1.0,5.0,2.0
DB00957_docking_min1.mol2,-6.7,230,DB00957,[H][C@@]12CC[C@@](OC(C)=O)(C#C)[C@@]1(CC)CC[C@]1([H])[C@@]3([H])CC\C(C=C3CC[C@@]21[H])=N/O,369.5050000000001,4.714500000000005,4.0,1.0,2.0,0.0,CHEMBL1200934,10000.0,nM,10000.0,5.0,58.89,4.0,27.0,4.0,2.0,0.0,4.0,3.0,4.0,1.0
DB09089_docking_min1.mol2,-5.6,448,DB09089,CCC(COC(=O)C1=CC(OC)=C(OC)C(OC)=C1)(N(C)C)C1=CC=CC=C1,387.47600000000006,3.7363000000000026,6.0,0.0,9.0,2.0,CHEMBL190044,10000.0,nM,10000.0,5.0,57.23000000000001,2.0,28.0,6.0,9.0,2.0,0.0,0.0,6.0,0.0
DB09280_docking_min1.mol2,-8.2,41,DB09280,CC1=CC=C(NC(=O)C2(CC2)C2=CC=C3OC(F)(F)OC3=C2)N=C1C1=CC(=CC=C1)C(O)=O,452.4130000000002,4.747020000000004,5.0,2.0,5.0,3.0,CHEMBL2103870,12000.0,nM,12000.0,4.920818753952375,97.75,5.0,33.0,9.0,5.0,3.0,2.0,1.0,5.0,2.0
DB00152_docking_min1.mol2,-5.4,470,DB00152,CC1=C(CCO)SC=[N+]1CC1=CN=C(C)N=C1N,265.362,0.6077400000000001,5.0,2.0,4.0,2.0,CHEMBL1547,12500.0,nM,12500.0,4.903089986991944,75.91,2.0,18.0,6.0,4.0,2.0,0.0,0.0,5.0,2.0
DB00805_docking_min1.mol2,-7.5,108,DB00805,CC1=CC(=NN=C1NCCN1CCOCC1)C1=CC=CC=C1,298.39,2.19612,5.0,1.0,5.0,2.0,CHEMBL278819,17000.0,nM,17000.0,4.769551078621726,50.28,3.0,22.0,5.0,5.0,2.0,1.0,1.0,5.0,1.0
DB00380_docking_min1.mol2,-6.1,346,DB00380,C[C@@H](CN1CC(=O)NC(=O)C1)N1CC(=O)NC(=O)C1,268.273,-2.708299999999996,6.0,2.0,3.0,0.0,CHEMBL1738,18000.0,nM,18000.0,4.7447274948966935,98.82,2.0,19.0,8.0,3.0,0.0,2.0,2.0,6.0,2.0
DB08958_docking_min1.mol2,-4.7,535,DB08958,CCCCC(CC)CN1CN(CC(CC)CCCC)CC(C)(N)C1,339.6120000000001,4.711700000000004,3.0,1.0,12.0,0.0,CHEMBL144673,26572.9,nM,26572.9,4.575561046821542,32.5,1.0,24.0,3.0,12.0,0.0,1.0,1.0,3.0,1.0
DB00825_docking_min1.mol2,-5.6,440,DB00825,CC(C)[C@@H]1CC[C@@H](C)C[C@H]1O,156.269,2.439500000000001,1.0,1.0,1.0,0.0,CHEMBL470670,74600.0,nM,74600.0,4.127261172527331,20.23,1.0,11.0,1.0,1.0,0.0,1.0,1.0,1.0,1.0
DB00592_docking_min1.mol2,-3.8,566,DB00592,C1CNCCN1,86.138,-0.8208,2.0,2.0,0.0,0.0,CHEMBL1412,83000.0,nM,83000.0,4.080921907623926,24.06,1.0,6.0,2.0,0.0,0.0,1.0,1.0,2.0,2.0
DB01614_docking_min1.mol2,-5.8,413,DB01614,CN(C)CCCN1C2=CC=CC=C2SC2=C1C=C(C=C2)C(C)=O,326.4650000000001,4.443600000000004,4.0,0.0,5.0,2.0,CHEMBL39560,100000.0,nM,100000.0,4.0,23.55,3.0,23.0,4.0,5.0,2.0,1.0,0.0,4.0,0.0
DB01423_docking_min1.mol2,-5.4,477,DB01423,CC(SC(=O)C1=CC=CS1)C(=O)NCC(O)=O,273.335,1.2108,5.0,2.0,5.0,1.0,CHEMBL2107531,133000.0,nM,133000.0,3.876148359032914,83.47,1.0,17.0,7.0,5.0,1.0,0.0,0.0,5.0,2.0
DB01090_docking_min1.mol2,-5.3,487,DB01090,C[N+]1(CCCCC[N+]2(C)CCCC2)CCCC1,240.4349999999999,2.637500000000001,0.0,0.0,6.0,0.0,CHEMBL1271,650000.0,nM,650000.0,3.1870866433571443,0.0,2.0,17.0,2.0,6.0,0.0,2.0,2.0,0.0,0.0
DB00138_docking_min1.mol2,-5.4,469,DB00138,N[C@@H](CSSC[C@H](N)C(O)=O)C(O)=O,240.306,-0.8083999999999993,6.0,4.0,7.0,0.0,CHEMBL590540,2140000.0,nM,2140000.0,2.669586226650809,126.64000000000001,0.0,14.0,8.0,7.0,0.0,0.0,0.0,6.0,4.0
DB11386_docking_min1.mol2,-4.2,556,DB11386,CC(C)(O)C(Cl)(Cl)Cl,177.458,2.127500000000001,1.0,1.0,0.0,0.0,CHEMBL1439973,4365158.32,nM,4365158.32,2.360000000238944,20.23,0.0,8.0,4.0,0.0,0.0,0.0,0.0,1.0,1.0
